timestamp,X,Y,Z
1764069892921,-0.126893,0.038307,9.856929
1764069892929,-0.150835,0.055067,9.813833
1764069892937,-0.117316,0.052672,9.825804
1764069892945,-0.126893,0.040701,9.861717
1764069892953,-0.112527,0.028730,9.868899
1764069892961,-0.119710,0.047884,9.849746
1764069892969,-0.124498,0.033519,9.830592
1764069892977,-0.126893,0.031125,9.861717
1764069892985,-0.117316,0.057461,9.844957
1764069892993,-0.136469,0.038307,9.859323
1764069893001,-0.122104,0.023942,9.876082
1764069893009,-0.131681,0.043096,9.816227
1764069893017,-0.131681,0.050278,9.852140
1764069893025,-0.126893,0.038307,9.844957
1764069893033,-0.131681,0.031125,9.842564
1764069893041,-0.155623,0.050278,9.861717
1764069893049,-0.107739,0.033519,9.835381
1764069893057,-0.122104,0.045490,9.866506
1764069893065,-0.153229,0.059855,9.859323
1764069893073,-0.102951,0.033519,9.830592
1764069893081,-0.141258,0.043096,9.868899
1764069893089,-0.114922,0.035913,9.835381
1764069893097,-0.090980,0.040701,9.832987
1764069893105,-0.129287,0.047884,9.880871
1764069893113,-0.107739,0.043096,9.823410
1764069893121,-0.117316,0.038307,9.830592
1764069893129,-0.143652,0.045490,9.876082
1764069893137,-0.095768,0.031125,9.832987
1764069893145,-0.112527,0.057461,9.823410
1764069893153,-0.148441,0.033519,9.866506
1764069893161,-0.102951,0.040701,9.832987
1764069893169,-0.112527,0.062249,9.837775
1764069893177,-0.124498,0.028730,9.861717
1764069893185,-0.100556,0.045490,9.828198
1764069893193,-0.143652,0.038307,9.849746
1764069893201,-0.114922,0.050278,9.864111
1764069893209,-0.107739,0.057461,9.844957
1764069893217,-0.146046,0.047884,9.840169
1764069893225,-0.107739,0.052672,9.837775
1764069893233,-0.124498,0.038307,9.854534
1764069893241,-0.143652,0.050278,9.864111
1764069893249,-0.114922,0.059855,9.854534
1764069893257,-0.114922,0.033519,9.854534
1764069893265,-0.112527,0.028730,9.856929
1764069893273,-0.131681,0.055067,9.847352
1764069893281,-0.102951,0.059855,9.825804
1764069893289,-0.153229,0.028730,9.856929
1764069893297,-0.124498,0.052672,9.828198
1764069893305,-0.090980,0.031125,9.840169
1764069893313,-0.150835,0.045490,9.888053
1764069893321,-0.117316,0.050278,9.823410
1764069893329,-0.114922,0.055067,9.840169
1764069893337,-0.122104,0.040701,9.864111
1764069893345,-0.114922,0.062249,9.832987
1764069893353,-0.136469,0.059855,9.840169
1764069893361,-0.136469,0.043096,9.856929
1764069893369,-0.100556,0.040701,9.823410
1764069893377,-0.141258,0.052672,9.849746
1764069893385,-0.141258,0.026336,9.849746
1764069893393,-0.105345,0.050278,9.821015
1764069893401,-0.119710,0.033519,9.835381
1764069893409,-0.117316,0.057461,9.856929
1764069893417,-0.110133,0.057461,9.813833
1764069893425,-0.124498,0.050278,9.864111
1764069893433,-0.122104,0.043096,9.847352
1764069893441,-0.095768,0.047884,9.828198
1764069893449,-0.150835,0.040701,9.871294
1764069893457,-0.126893,0.045490,9.856929
1764069893465,-0.093374,0.062249,9.840169
1764069893473,-0.134075,0.033519,9.880871
1764069893481,-0.129287,0.033519,9.832987
1764069893489,-0.112527,0.055067,9.840169
1764069893497,-0.138864,0.033519,9.864111
1764069893505,-0.107739,0.038307,9.823410
1764069893513,-0.131681,0.059855,9.849746
1764069893521,-0.136469,0.050278,9.878476
1764069893529,-0.093374,0.043096,9.823410
1764069893537,-0.126893,0.045490,9.842564
1764069893545,-0.112527,0.052672,9.864111
1764069893553,-0.100556,0.052672,9.818622
1764069893561,-0.134075,0.059855,9.861717
1764069893569,-0.114922,0.031125,9.852140
1764069893577,-0.112527,0.045490,9.828198
1764069893585,-0.131681,0.059855,9.876082
1764069893593,-0.105345,0.062249,9.835381
1764069893601,-0.117316,0.040701,9.842564
1764069893609,-0.117316,0.038307,9.864111
1764069893617,-0.124498,0.035913,9.835381
1764069893625,-0.141258,0.055067,9.861717
1764069893633,-0.122104,0.052672,9.847352
1764069893641,-0.112527,0.045490,9.813833
1764069893649,-0.114922,0.050278,9.854534
1764069893657,-0.129287,0.050278,9.847352
1764069893665,-0.107739,0.062249,9.849746
1764069893673,-0.143652,0.047884,9.844957
1764069893681,-0.129287,0.057461,9.854534
1764069893689,-0.124498,0.064643,9.847352
1764069893697,-0.119710,0.035913,9.859323
1764069893705,-0.105345,0.064643,9.849746
1764069893713,-0.119710,0.033519,9.844957
1764069893721,-0.129287,0.040701,9.854534
1764069893729,-0.110133,0.028730,9.854534
1764069893737,-0.110133,0.052672,9.830592
1764069893745,-0.114922,0.043096,9.847352
1764069893753,-0.122104,0.052672,9.864111
1764069893761,-0.117316,0.047884,9.818622
1764069893769,-0.129287,0.055067,9.856929
1764069893777,-0.114922,0.050278,9.825804
1764069893785,-0.119710,0.043096,9.842564
1764069893793,-0.134075,0.043096,9.849746
1764069893801,-0.114922,0.040701,9.828198
1764069893809,-0.110133,0.062249,9.852140
1764069893817,-0.129287,0.040701,9.852140
1764069893825,-0.114922,0.019154,9.828198
1764069893833,-0.134075,0.050278,9.861717
1764069893841,-0.134075,0.028730,9.835381
1764069893849,-0.093374,0.040701,9.830592
1764069893857,-0.134075,0.052672,9.888053
1764069893865,-0.122104,0.050278,9.835381
1764069893873,-0.107739,0.050278,9.832987
1764069893881,-0.124498,0.043096,9.873688
1764069893889,-0.107739,0.033519,9.842564
1764069893897,-0.112527,0.057461,9.844957
1764069893905,-0.134075,0.045490,9.864111
1764069893913,-0.112527,0.043096,9.832987
1764069893921,-0.146046,0.043096,9.837775
1764069893929,-0.117316,0.064643,9.861717
1764069893937,-0.107739,0.050278,9.830592
1764069893945,-0.136469,0.043096,9.854534
1764069893953,-0.122104,0.050278,9.830592
1764069893961,-0.119710,0.045490,9.852140
1764069893969,-0.143652,0.038307,9.854534
1764069893977,-0.100556,0.059855,9.837775
1764069893985,-0.131681,0.033519,9.847352
1764069893993,-0.160412,0.055067,9.871294
1764069894001,-0.102951,0.040701,9.825804
1764069894009,-0.124498,0.045490,9.837775
1764069894017,-0.131681,0.045490,9.854534
1764069894025,-0.112527,0.050278,9.828198
1764069894033,-0.124498,0.031125,9.847352
1764069894041,-0.124498,0.035913,9.861717
1764069894049,-0.090980,0.047884,9.823410
1764069894057,-0.146046,0.050278,9.847352
1764069894065,-0.131681,0.050278,9.878476
1764069894073,-0.112527,0.047884,9.816227
1764069894081,-0.138864,0.035913,9.861717
1764069894089,-0.122104,0.052672,9.859323
1764069894097,-0.093374,0.052672,9.801862
1764069894105,-0.136469,0.045490,9.859323
1764069894113,-0.117316,0.055067,9.847352
1764069894121,-0.098162,0.045490,9.835381
1764069894129,-0.148441,0.050278,9.890448
1764069894137,-0.090980,0.031125,9.847352
1764069894145,-0.110133,0.047884,9.823410
1764069894153,-0.134075,0.047884,9.868899
1764069894161,-0.119710,0.047884,9.844957
1764069894169,-0.102951,0.028730,9.852140
1764069894177,-0.162806,0.040701,9.866506
1764069894185,-0.110133,0.033519,9.811439
1764069894193,-0.129287,0.028730,9.868899
1764069894201,-0.160412,0.038307,9.883265
1764069894209,-0.090980,0.055067,9.809045
1764069894217,-0.114922,0.047884,9.856929
1764069894225,-0.131681,0.050278,9.864111
1764069894233,-0.079009,0.052672,9.809045
1764069894241,-0.122104,0.026336,9.873688
1764069894249,-0.119710,0.035913,9.861717
1764069894257,-0.095768,0.055067,9.809045
1764069894265,-0.150835,0.040701,9.878476
1764069894273,-0.126893,0.057461,9.868899
1764069894281,-0.098162,0.062249,9.816227
1764069894289,-0.146046,0.055067,9.888053
1764069894297,-0.095768,0.052672,9.859323
1764069894305,-0.095768,0.045490,9.821015
1764069894313,-0.162806,0.047884,9.873688
1764069894321,-0.112527,0.052672,9.854534
1764069894329,-0.112527,0.043096,9.823410
1764069894337,-0.150835,0.055067,9.883265
1764069894345,-0.086191,0.045490,9.828198
1764069894353,-0.131681,0.057461,9.854534
1764069894361,-0.143652,0.055067,9.871294
1764069894369,-0.095768,0.062249,9.823410
1764069894377,-0.117316,0.055067,9.864111
1764069894385,-0.148441,0.033519,9.868899
1764069894393,-0.098162,0.043096,9.811439
1764069894401,-0.134075,0.033519,9.866506
1764069894409,-0.136469,0.040701,9.864111
1764069894417,-0.100556,0.047884,9.828198
1764069894425,-0.138864,0.035913,9.878476
1764069894433,-0.129287,0.067038,9.854534
1764069894441,-0.088585,0.067038,9.809045
1764069894449,-0.138864,0.033519,9.883265
1764069894457,-0.105345,0.038307,9.854534
1764069894465,-0.095768,0.040701,9.821015
1764069894473,-0.124498,0.040701,9.866506
1764069894481,-0.098162,0.028730,9.842564
1764069894489,-0.129287,0.050278,9.818622
1764069894497,-0.134075,0.052672,9.873688
1764069894505,-0.086191,0.040701,9.816227
1764069894513,-0.124498,0.055067,9.835381
1764069894521,-0.150835,0.050278,9.885659
1764069894529,-0.112527,0.047884,9.825804
1764069894537,-0.107739,0.043096,9.840169
1764069894545,-0.160412,0.031125,9.868899
1764069894553,-0.095768,0.057461,9.823410
1764069894561,-0.131681,0.045490,9.868899
1764069894569,-0.143652,0.045490,9.876082
1764069894577,-0.090980,0.055067,9.821015
1764069894585,-0.124498,0.045490,9.885659
1764069894593,-0.117316,0.062249,9.844957
1764069894601,-0.110133,0.040701,9.825804
1764069894609,-0.141258,0.059855,9.873688
1764069894617,-0.124498,0.055067,9.832987
1764069894625,-0.095768,0.038307,9.816227
1764069894633,-0.146046,0.028730,9.880871
1764069894641,-0.102951,0.035913,9.854534
1764069894649,-0.093374,0.035913,9.828198
1764069894657,-0.129287,0.031125,9.890448
1764069894665,-0.102951,0.026336,9.847352
1764069894673,-0.090980,0.064643,9.835381
1764069894681,-0.126893,0.040701,9.888053
1764069894689,-0.117316,0.050278,9.837775
1764069894697,-0.117316,0.026336,9.856929
1764069894705,-0.131681,0.052672,9.888053
1764069894713,-0.098162,0.064643,9.832987
1764069894721,-0.112527,0.045490,9.859323
1764069894729,-0.158017,0.050278,9.868899
1764069894737,-0.100556,0.047884,9.811439
1764069894745,-0.143652,0.050278,9.880871
1764069894753,-0.141258,0.047884,9.876082
1764069894761,-0.083797,0.055067,9.828198
1764069894769,-0.136469,0.057461,9.871294
1764069894777,-0.112527,0.040701,9.842564
1764069894785,-0.107739,0.062249,9.823410
1764069894793,-0.146046,0.047884,9.888053
1764069894801,-0.124498,0.047884,9.840169
1764069894809,-0.126893,0.026336,9.830592
1764069894817,-0.138864,0.033519,9.866506
1764069894825,-0.112527,0.047884,9.849746
1764069894833,-0.126893,0.047884,9.842564
1764069894841,-0.143652,0.035913,9.871294
1764069894849,-0.119710,0.055067,9.835381
1764069894857,-0.124498,0.031125,9.852140
1764069894865,-0.129287,0.045490,9.864111
1764069894873,-0.112527,0.055067,9.844957
1764069894881,-0.131681,0.055067,9.828198
1764069894889,-0.126893,0.067038,9.871294
1764069894897,-0.114922,0.052672,9.840169
1764069894905,-0.119710,0.043096,9.847352
1764069894913,-0.110133,0.038307,9.856929
1764069894921,-0.119710,0.033519,9.847352
1764069894929,-0.112527,0.055067,9.854534
1764069894937,-0.146046,0.055067,9.844957
1764069894945,-0.107739,0.023942,9.852140
1764069894953,-0.114922,0.043096,9.849746
1764069894961,-0.119710,0.067038,9.854534
1764069894969,-0.110133,0.045490,9.844957
1764069894977,-0.124498,0.064643,9.864111
1764069894985,-0.124498,0.050278,9.859323
1764069894993,-0.122104,0.033519,9.837775
1764069895001,-0.138864,0.040701,9.864111
1764069895009,-0.110133,0.045490,9.854534
1764069895017,-0.122104,0.050278,9.859323
1764069895025,-0.126893,0.050278,9.871294
1764069895033,-0.119710,0.047884,9.847352
1764069895041,-0.117316,0.043096,9.837775
1764069895049,-0.122104,0.045490,9.873688
1764069895057,-0.112527,0.059855,9.847352
1764069895065,-0.117316,0.057461,9.847352
1764069895073,-0.112527,0.038307,9.847352
1764069895081,-0.117316,0.052672,9.852140
1764069895089,-0.119710,0.045490,9.871294
1764069895097,-0.112527,0.047884,9.844957
1764069895105,-0.136469,0.045490,9.861717
1764069895113,-0.117316,0.038307,9.866506
1764069895121,-0.117316,0.055067,9.835381
1764069895129,-0.148441,0.071826,9.873688
1764069895137,-0.112527,0.040701,9.844957
1764069895145,-0.102951,0.055067,9.837775
1764069895153,-0.131681,0.052672,9.868899
1764069895161,-0.105345,0.052672,9.849746
1764069895169,-0.131681,0.045490,9.868899
1764069895177,-0.136469,0.050278,9.856929
1764069895185,-0.090980,0.059855,9.847352
1764069895193,-0.134075,0.050278,9.876082
1764069895201,-0.114922,0.052672,9.847352
1764069895209,-0.095768,0.067038,9.844957
1764069895217,-0.143652,0.043096,9.873688
1764069895225,-0.107739,0.038307,9.847352
1764069895233,-0.083797,0.050278,9.842564
1764069895241,-0.162806,0.040701,9.878476
1764069895249,-0.119710,0.062249,9.823410
1764069895257,-0.100556,0.043096,9.859323
1764069895265,-0.169988,0.069432,9.873688
1764069895273,-0.090980,0.035913,9.852140
1764069895281,-0.134075,0.052672,9.864111
1764069895289,-0.150835,0.059855,9.873688
1764069895297,-0.086191,0.059855,9.806650
1764069895305,-0.117316,0.040701,9.854534
1764069895313,-0.126893,0.040701,9.859323
1764069895321,-0.088585,0.050278,9.835381
1764069895329,-0.136469,0.021548,9.832987
1764069895337,-0.129287,0.047884,9.892841
1764069895345,-0.086191,0.021548,9.797073
1764069895353,-0.143652,0.047884,9.854534
1764069895361,-0.112527,0.040701,9.837775
1764069895369,-0.086191,0.019154,9.787497
1764069895377,-0.143652,0.076614,9.885659
1764069895385,-0.102951,0.040701,9.837775
1764069895393,-0.110133,0.052672,9.844957
1764069895401,-0.136469,0.028730,9.878476
1764069895409,-0.129287,0.028730,9.823410
1764069895417,-0.105345,0.086191,9.864111
1764069895425,-0.143652,0.047884,9.859323
1764069895433,-0.098162,0.062249,9.842564
1764069895441,-0.117316,0.062249,9.876082
1764069895449,-0.150835,0.038307,9.861717
1764069895457,-0.098162,0.062249,9.830592
1764069895465,-0.117316,0.033519,9.837775
1764069895473,-0.158017,0.045490,9.880871
1764069895481,-0.095768,0.062249,9.821015
1764069895489,-0.122104,0.021548,9.844957
1764069895497,-0.136469,0.050278,9.883265
1764069895505,-0.098162,0.055067,9.799467
1764069895513,-0.143652,0.035913,9.868899
1764069895521,-0.126893,0.055067,9.878476
1764069895529,-0.071826,0.035913,9.806650
1764069895537,-0.167594,0.035913,9.871294
1764069895545,-0.148441,0.028730,9.859323
1764069895553,-0.083797,0.035913,9.806650
1764069895561,-0.134075,0.040701,9.868899
1764069895569,-0.110133,0.050278,9.837775
1764069895577,-0.102951,0.055067,9.823410
1764069895585,-0.169988,0.047884,9.868899
1764069895593,-0.083797,0.055067,9.828198
1764069895601,-0.114922,0.057461,9.849746
1764069895609,-0.131681,0.043096,9.895236
1764069895617,-0.090980,0.043096,9.835381
1764069895625,-0.122104,0.021548,9.832987
1764069895633,-0.169988,0.033519,9.897630
1764069895641,-0.093374,0.040701,9.813833
1764069895649,-0.134075,0.035913,9.871294
1764069895657,-0.146046,0.047884,9.873688
1764069895665,-0.062249,0.062249,9.792285
1764069895673,-0.153229,0.062249,9.883265
1764069895681,-0.131681,0.038307,9.871294
1764069895689,-0.079009,0.040701,9.830592
1764069895697,-0.150835,0.033519,9.871294
1764069895705,-0.105345,0.047884,9.856929
1764069895713,-0.100556,0.040701,9.816227
1764069895721,-0.153229,0.038307,9.878476
1764069895729,-0.131681,0.038307,9.852140
1764069895737,-0.110133,0.050278,9.818622
1764069895745,-0.136469,0.033519,9.873688
1764069895753,-0.110133,0.045490,9.864111
1764069895761,-0.107739,0.045490,9.835381
1764069895769,-0.162806,0.059855,9.883265
1764069895777,-0.098162,0.050278,9.844957
1764069895785,-0.112527,0.038307,9.830592
1764069895793,-0.136469,0.035913,9.871294
1764069895801,-0.102951,0.033519,9.823410
1764069895809,-0.131681,0.045490,9.852140
1764069895817,-0.158017,0.031125,9.890448
1764069895825,-0.098162,0.059855,9.813833
1764069895833,-0.129287,0.035913,9.878476
1764069895841,-0.138864,0.052672,9.866506
1764069895849,-0.102951,0.064643,9.823410
1764069895857,-0.126893,0.050278,9.864111
1764069895865,-0.150835,0.047884,9.864111
1764069895873,-0.086191,0.057461,9.818622
1764069895881,-0.150835,0.043096,9.864111
1764069895889,-0.134075,0.064643,9.859323
1764069895897,-0.088585,0.059855,9.799467
1764069895905,-0.165200,0.043096,9.885659
1764069895913,-0.117316,0.047884,9.840169
1764069895921,-0.086191,0.055067,9.830592
1764069895929,-0.169988,0.038307,9.895236
1764069895937,-0.095768,0.043096,9.818622
1764069895945,-0.095768,0.064643,9.816227
1764069895953,-0.126893,0.052672,9.895236
1764069895961,-0.086191,0.035913,9.821015
1764069895969,-0.129287,0.035913,9.888053
1764069895977,-0.153229,0.028730,9.885659
1764069895985,-0.083797,0.031125,9.832987
1764069895993,-0.136469,0.023942,9.864111
1764069896001,-0.146046,0.050278,9.852140
1764069896009,-0.088585,0.045490,9.835381
1764069896017,-0.122104,0.057461,9.828198
1764069896025,-0.119710,0.040701,9.849746
1764069896033,-0.105345,0.033519,9.801862
1764069896041,-0.143652,0.028730,9.871294
1764069896049,-0.105345,0.047884,9.859323
1764069896057,-0.122104,0.047884,9.832987
1764069896065,-0.129287,0.076614,9.864111
1764069896073,-0.114922,0.021548,9.849746
1764069896081,-0.124498,0.035913,9.830592
1764069896089,-0.143652,0.043096,9.890448
1764069896097,-0.110133,0.043096,9.842564
1764069896105,-0.138864,0.045490,9.854534
1764069896113,-0.134075,0.045490,9.864111
1764069896121,-0.100556,0.052672,9.832987
1764069896129,-0.112527,0.033519,9.844957
1764069896137,-0.122104,0.040701,9.859323
1764069896145,-0.093374,0.064643,9.854534
1764069896153,-0.138864,0.033519,9.864111
1764069896161,-0.129287,0.035913,9.880871
1764069896169,-0.093374,0.045490,9.854534
1764069896177,-0.141258,0.031125,9.856929
1764069896185,-0.126893,0.057461,9.852140
1764069896193,-0.107739,0.035913,9.823410
1764069896201,-0.155623,0.050278,9.847352
1764069896209,-0.122104,0.055067,9.830592
1764069896217,-0.107739,0.033519,9.835381
1764069896225,-0.122104,0.045490,9.864111
1764069896233,-0.110133,0.052672,9.844957
1764069896241,-0.105345,0.038307,9.840169
1764069896249,-0.126893,0.050278,9.866506
1764069896257,-0.124498,0.043096,9.825804
1764069896265,-0.107739,0.038307,9.861717
1764069896273,-0.150835,0.043096,9.852140
1764069896281,-0.131681,0.062249,9.835381
1764069896289,-0.107739,0.035913,9.830592
1764069896297,-0.124498,0.045490,9.849746
1764069896305,-0.124498,0.059855,9.861717
1764069896313,-0.122104,0.033519,9.840169
1764069896321,-0.136469,0.059855,9.837775
1764069896329,-0.114922,0.043096,9.837775
1764069896337,-0.117316,0.055067,9.844957
1764069896345,-0.122104,0.023942,9.832987
1764069896353,-0.110133,0.043096,9.854534
1764069896361,-0.129287,0.047884,9.861717
1764069896369,-0.112527,0.059855,9.849746
1764069896377,-0.131681,0.043096,9.861717
1764069896385,-0.153229,0.059855,9.856929
1764069896393,-0.119710,0.050278,9.823410
1764069896401,-0.138864,0.043096,9.856929
1764069896409,-0.117316,0.045490,9.854534
1764069896417,-0.114922,0.043096,9.830592
1764069896425,-0.119710,0.050278,9.847352
1764069896433,-0.098162,0.057461,9.854534
1764069896441,-0.105345,0.047884,9.830592
1764069896449,-0.136469,0.026336,9.866506
1764069896457,-0.102951,0.035913,9.780313
1764069896465,-0.114922,0.023942,9.981427
1764069896473,-0.146046,0.071826,9.871294
1764069896481,-0.165200,0.059855,9.677363
1764069896489,-0.158017,0.059855,9.761160
1764069896497,-0.107739,0.052672,9.897630
1764069896505,-0.098162,0.033519,9.928755
1764069896513,-0.126893,0.055067,9.907207
1764069896521,-0.122104,0.040701,9.804255
1764069896529,-0.136469,0.055067,9.813833
1764069896537,-0.148441,0.055067,9.821015
1764069896545,-0.117316,0.033519,9.840169
1764069896553,-0.119710,0.047884,9.864111
1764069896561,-0.138864,0.045490,9.883265
1764069896569,-0.117316,0.047884,9.837775
1764069896577,-0.126893,0.057461,9.852140
1764069896585,-0.126893,0.035913,9.854534
1764069896593,-0.114922,0.050278,9.852140
1764069896601,-0.122104,0.031125,9.830592
1764069896609,-0.131681,0.047884,9.866506
1764069896617,-0.129287,0.031125,9.849746
1764069896625,-0.124498,0.045490,9.844957
1764069896633,-0.112527,0.055067,9.866506
1764069896641,-0.117316,0.040701,9.837775
1764069896649,-0.129287,0.040701,9.847352
1764069896657,-0.138864,0.038307,9.852140
1764069896665,-0.105345,0.055067,9.842564
1764069896673,-0.126893,0.052672,9.849746
1764069896681,-0.119710,0.038307,9.856929
1764069896689,-0.102951,0.038307,9.859323
1764069896697,-0.100556,0.050278,9.854534
1764069896705,-0.131681,0.023942,9.840169
1764069896713,-0.114922,0.057461,9.861717
1764069896721,-0.150835,0.043096,9.864111
1764069896729,-0.126893,0.026336,9.832987
1764069896737,-0.110133,0.047884,9.849746
1764069896745,-0.134075,0.040701,9.856929
1764069896753,-0.114922,0.055067,9.823410
1764069896761,-0.122104,0.052672,9.844957
1764069896769,-0.129287,0.038307,9.876082
1764069896777,-0.098162,0.052672,9.821015
1764069896785,-0.131681,0.033519,9.844957
1764069896793,-0.124498,0.033519,9.880871
1764069896801,-0.110133,0.031125,9.825804
1764069896809,-0.134075,0.035913,9.849746
1764069896817,-0.110133,0.045490,9.866506
1764069896825,-0.107739,0.040701,9.830592
1764069896833,-0.129287,0.059855,9.852140
1764069896841,-0.134075,0.014365,9.859323
1764069896849,-0.093374,0.043096,9.830592
1764069896857,-0.126893,0.047884,9.847352
1764069896865,-0.131681,0.064643,9.849746
1764069896873,-0.129287,0.059855,9.859323
1764069896881,-0.122104,0.040701,9.842564
1764069896889,-0.107739,0.035913,9.856929
1764069896897,-0.129287,0.057461,9.861717
1764069896905,-0.131681,0.033519,9.844957
1764069896913,-0.136469,0.059855,9.849746
1764069896921,-0.126893,0.038307,9.849746
1764069896929,-0.112527,0.050278,9.852140
1764069896937,-0.107739,0.047884,9.830592
1764069896945,-0.122104,0.045490,9.856929
1764069896953,-0.112527,0.038307,9.847352
1764069896961,-0.107739,0.045490,9.825804
1764069896969,-0.107739,0.043096,9.854534
1764069896977,-0.138864,0.057461,9.864111
1764069896985,-0.122104,0.047884,9.825804
1764069896993,-0.105345,0.047884,9.847352
1764069897001,-0.136469,0.059855,9.861717
1764069897009,-0.136469,0.050278,9.837775
1764069897017,-0.134075,0.031125,9.844957
1764069897025,-0.122104,0.026336,9.854534
1764069897033,-0.100556,0.038307,9.840169
1764069897041,-0.131681,0.026336,9.830592
1764069897049,-0.114922,0.057461,9.866506
1764069897057,-0.110133,0.050278,9.837775
1764069897065,-0.131681,0.047884,9.842564
1764069897073,-0.114922,0.052672,9.852140
1764069897081,-0.122104,0.047884,9.852140
1764069897089,-0.117316,0.067038,9.852140
1764069897097,-0.114922,0.019154,9.852140
1764069897105,-0.126893,0.040701,9.852140
1764069897113,-0.122104,0.040701,9.847352
1764069897121,-0.110133,0.040701,9.844957
1764069897129,-0.119710,0.059855,9.866506
1764069897137,-0.129287,0.047884,9.856929
1764069897145,-0.129287,0.019154,9.828198
1764069897153,-0.129287,0.035913,9.861717
1764069897161,-0.131681,0.033519,9.866506
1764069897169,-0.126893,0.050278,9.828198
1764069897177,-0.129287,0.035913,9.849746
1764069897185,-0.112527,0.043096,9.864111
1764069897193,-0.110133,0.047884,9.828198
1764069897201,-0.107739,0.040701,9.859323
1764069897209,-0.112527,0.033519,9.861717
1764069897217,-0.131681,0.031125,9.849746
1764069897225,-0.124498,0.043096,9.837775
1764069897233,-0.129287,0.047884,9.861717
1764069897241,-0.124498,0.055067,9.842564
1764069897249,-0.138864,0.055067,9.835381
1764069897257,-0.124498,0.038307,9.847352
1764069897265,-0.114922,0.028730,9.828198
1764069897273,-0.102951,0.062249,9.842564
1764069897281,-0.122104,0.050278,9.868899
1764069897289,-0.122104,0.043096,9.847352
1764069897297,-0.122104,0.047884,9.837775
1764069897305,-0.126893,0.057461,9.856929
1764069897313,-0.129287,0.040701,9.861717
1764069897321,-0.122104,0.031125,9.849746
1764069897329,-0.119710,0.019154,9.844957
1764069897337,-0.122104,0.047884,9.861717
1764069897345,-0.126893,0.035913,9.837775
1764069897353,-0.129287,0.038307,9.852140
1764069897361,-0.122104,0.050278,9.861717
1764069897369,-0.129287,0.019154,9.840169
1764069897377,-0.146046,0.047884,9.832987
1764069897385,-0.122104,0.040701,9.842564
1764069897393,-0.126893,0.045490,9.847352
1764069897401,-0.153229,0.047884,9.825804
1764069897409,-0.126893,0.047884,9.840169
1764069897417,-0.126893,0.040701,9.849746
1764069897425,-0.129287,0.040701,9.856929
1764069897433,-0.100556,0.038307,9.849746
1764069897441,-0.138864,0.040701,9.856929
1764069897449,-0.119710,0.038307,9.847352
1764069897457,-0.105345,0.062249,9.847352
1764069897465,-0.110133,0.047884,9.852140
1764069897473,-0.110133,0.055067,9.844957
1764069897481,-0.126893,0.028730,9.840169
1764069897489,-0.143652,0.043096,9.866506
1764069897497,-0.098162,0.050278,9.852140
1764069897505,-0.112527,0.047884,9.840169
1764069897513,-0.124498,0.023942,9.856929
1764069897521,-0.100556,0.040701,9.847352
1764069897529,-0.141258,0.035913,9.835381
1764069897537,-0.124498,0.050278,9.856929
1764069897545,-0.102951,0.035913,9.856929
1764069897553,-0.126893,0.062249,9.840169
1764069897561,-0.126893,0.055067,9.852140
1764069897569,-0.088585,0.035913,9.823410
1764069897577,-0.141258,0.047884,9.844957
1764069897585,-0.112527,0.033519,9.866506
1764069897593,-0.107739,0.026336,9.871294
1764069897601,-0.134075,0.040701,9.842564
1764069897609,-0.150835,0.057461,9.789890
1764069897617,-0.141258,0.055067,9.801862
1764069897625,-0.134075,0.050278,9.878476
1764069897633,-0.141258,0.057461,9.842564
1764069897641,-0.124498,0.067038,9.832987
1764069897649,-0.146046,0.040701,9.871294
1764069897657,-0.126893,0.035913,9.830592
1764069897665,-0.122104,0.047884,9.847352
1764069897673,-0.155623,0.059855,9.847352
1764069897681,-0.126893,0.047884,9.847352
1764069897689,-0.122104,0.069432,9.837775
1764069897697,-0.141258,0.043096,9.849746
1764069897705,-0.131681,0.050278,9.837775
1764069897713,-0.138864,0.055067,9.818622
1764069897721,-0.155623,0.043096,9.840169
1764069897729,-0.117316,0.045490,9.813833
1764069897737,-0.136469,0.033519,9.837775
1764069897745,-0.138864,0.035913,9.909601
1764069897753,-0.086191,0.043096,9.868899
1764069897761,-0.136469,0.047884,9.849746
1764069897769,-0.131681,0.040701,9.849746
1764069897777,-0.114922,0.043096,9.799467
1764069897785,-0.126893,0.043096,9.866506
1764069897793,-0.122104,0.050278,9.844957
1764069897801,-0.110133,0.047884,9.847352
1764069897809,-0.136469,0.045490,9.878476
1764069897817,-0.134075,0.062249,9.840169
1764069897825,-0.126893,0.038307,9.840169
1764069897833,-0.134075,0.050278,9.854534
1764069897841,-0.119710,0.045490,9.832987
1764069897849,-0.112527,0.045490,9.844957
1764069897857,-0.129287,0.052672,9.880871
1764069897865,-0.102951,0.045490,9.842564
1764069897873,-0.117316,0.043096,9.832987
1764069897881,-0.155623,0.050278,9.866506
1764069897889,-0.119710,0.059855,9.832987
1764069897897,-0.102951,0.057461,9.825804
1764069897905,-0.126893,0.023942,9.883265
1764069897913,-0.100556,0.052672,9.832987
1764069897921,-0.112527,0.050278,9.813833
1764069897929,-0.129287,0.040701,9.890448
1764069897937,-0.079009,0.021548,9.921572
1764069897945,-0.131681,0.047884,9.868899
1764069897953,-0.193930,0.071826,9.648633
1764069897961,-0.095768,0.059855,9.890448
1764069897969,-0.141258,0.057461,9.895236
1764069897977,-0.174777,0.081403,9.710882
1764069897985,-0.105345,0.035913,9.885659
1764069897993,-0.172383,0.050278,9.797073
1764069898001,-0.148441,0.059855,9.861717
1764069898009,-0.131681,0.067038,9.842564
1764069898017,-0.136469,0.059855,9.868899
1764069898025,-0.146046,0.033519,9.844957
1764069898033,-0.114922,0.052672,9.842564
1764069898041,-0.167594,0.064643,9.871294
1764069898049,-0.136469,0.040701,9.825804
1764069898057,-0.114922,0.064643,9.842564
1764069898065,-0.160412,0.035913,9.866506
1764069898073,-0.146046,0.043096,9.828198
1764069898081,-0.131681,0.043096,9.852140
1764069898089,-0.162806,0.064643,9.876082
1764069898097,-0.107739,0.055067,9.840169
1764069898105,-0.136469,0.059855,9.821015
1764069898113,-0.177171,0.057461,9.873688
1764069898121,-0.141258,0.062249,9.825804
1764069898129,-0.153229,0.050278,9.825804
1764069898137,-0.158017,0.067038,9.883265
1764069898145,-0.129287,0.069432,9.847352
1764069898153,-0.155623,0.040701,9.823410
1764069898161,-0.158017,0.062249,9.868899
1764069898169,-0.110133,0.069432,9.823410
1764069898177,-0.153229,0.076614,9.854534
1764069898185,-0.146046,0.047884,9.844957
1764069898193,-0.105345,0.043096,9.844957
1764069898201,-0.150835,0.052672,9.854534
1764069898209,-0.153229,0.064643,9.861717
1764069898217,-0.112527,0.045490,9.830592
1764069898225,-0.146046,0.059855,9.847352
1764069898233,-0.136469,0.038307,9.847352
1764069898241,-0.131681,0.052672,9.823410
1764069898249,-0.150835,0.064643,9.876082
1764069898257,-0.177171,0.069432,9.837775
1764069898265,-0.129287,0.067038,9.825804
1764069898273,-0.179565,0.059855,9.847352
1764069898281,-0.129287,0.074220,9.837775
1764069898289,-0.110133,0.050278,9.859323
1764069898297,-0.158017,0.043096,9.868899
1764069898305,-0.119710,0.047884,9.804255
1764069898313,-0.122104,0.047884,9.864111
1764069898321,-0.162806,0.050278,9.880871
1764069898329,-0.122104,0.062249,9.813833
1764069898337,-0.160412,0.062249,9.804255
1764069898345,-0.189142,0.043096,9.861717
1764069898353,-0.126893,0.057461,9.811439
1764069898361,-0.165200,0.064643,9.816227
1764069898369,-0.160412,0.067038,9.904813
1764069898377,-0.122104,0.069432,9.828198
1764069898385,-0.172383,0.071826,9.835381
1764069898393,-0.146046,0.067038,9.883265
1764069898401,-0.126893,0.064643,9.837775
1764069898409,-0.165200,0.055067,9.852140
1764069898417,-0.158017,0.055067,9.876082
1764069898425,-0.126893,0.050278,9.811439
1764069898433,-0.162806,0.057461,9.847352
1764069898441,-0.162806,0.028730,9.818622
1764069898449,-0.117316,0.040701,9.806650
1764069898457,-0.148441,0.038307,9.830592
1764069898465,-0.143652,0.050278,9.859323
1764069898473,-0.134075,0.071826,9.900024
1764069898481,-0.172383,0.074220,9.895236
1764069898489,-0.146046,0.047884,9.818622
1764069898497,-0.062249,0.045490,10.058042
1764069898505,-0.105345,0.062249,9.780313
1764069898513,0.363919,0.169988,9.873688
1764069898521,1.055843,0.282516,9.811439
1764069898529,0.608127,0.229843,9.902418
1764069898537,0.268151,0.000000,9.818622
1764069898545,-0.052672,0.067038,9.821015
1764069898553,-0.016759,0.162806,9.904813
1764069898561,-0.038307,0.112527,9.818622
1764069898569,0.304064,0.155623,9.811439
1764069898577,0.646434,0.201113,9.837775
1764069898585,0.088585,0.227449,9.832987
1764069898593,0.629675,0.117316,9.811439
1764069898601,0.189142,0.227449,9.847352
1764069898609,-0.174777,0.023942,9.794679
1764069898617,-0.342371,0.045490,9.873688
1764069898625,-0.210690,-0.057461,9.868899
1764069898633,0.198719,0.090980,9.768343
1764069898641,-0.035913,0.098162,9.931149
1764069898649,0.256180,0.131681,9.864111
1764069898657,0.617704,0.409408,9.710882
1764069898665,0.696713,0.081403,9.742006
1764069898673,-0.373495,0.040701,9.828198
1764069898681,-0.344765,-0.172383,9.890448
1764069898689,0.383072,-0.019154,9.809045
1764069898697,0.483629,0.071826,9.622296
1764069898705,-0.316035,-0.177171,9.952697
1764069898713,-0.062249,-0.059855,9.806650
1764069898721,-0.371101,0.088585,9.782708
1764069898729,0.071826,-0.059855,10.002975
1764069898737,0.598550,-0.110133,9.900024
1764069898745,-0.169988,-0.114922,9.823410
1764069898753,-0.440533,-0.090980,9.725247
1764069898761,0.316035,-0.083797,9.739613
1764069898769,-0.129287,0.102951,9.725247
1764069898777,0.167594,0.064643,9.832987
1764069898785,0.222661,0.167594,9.868899
1764069898793,0.347159,0.287304,9.761160
1764069898801,0.244209,0.237026,9.911995
1764069898809,-0.069432,0.043096,9.923966
1764069898817,-0.026336,0.110133,9.648633
1764069898825,-0.632069,0.191536,9.708488
1764069898833,0.706290,0.004788,9.706094
1764069898841,0.567426,0.067038,9.749189
1764069898849,0.529119,0.141258,9.734824
1764069898857,-0.122104,0.143652,9.785102
1764069898865,-0.191536,0.124498,9.955091
1764069898873,-0.239420,0.225055,9.861717
1764069898881,0.134075,0.143652,9.797073
1764069898889,0.809240,0.081403,9.804255
1764069898897,0.102951,0.246603,9.849746
1764069898905,-0.931344,-0.129287,9.959879
1764069898913,-0.093374,0.031125,9.837775
1764069898921,0.383072,0.105345,9.809045
1764069898929,0.368707,0.019154,9.744401
1764069898937,0.919373,0.248997,9.761160
1764069898945,0.229843,0.227449,10.000581
1764069898953,-0.117316,0.059855,10.058042
1764069898961,0.313640,0.009577,9.770737
1764069898969,-0.119710,-0.124498,9.859323
1764069898977,-0.316035,0.074220,9.816227
1764069898985,-0.189142,0.002394,9.926360
1764069898993,-0.064643,0.088585,9.832987
1764069899001,0.026336,0.038307,9.777920
1764069899009,0.344765,0.016759,9.797073
1764069899017,-0.052672,0.169988,9.782708
1764069899025,-0.816423,0.536301,9.557653
1764069899033,0.122104,0.081403,9.852140
1764069899041,0.339977,-0.248997,10.072407
1764069899049,-0.033519,0.002394,9.785102
1764069899057,-0.213084,-0.083797,9.734824
1764069899065,-0.007183,-0.112527,9.799467
1764069899073,-0.392649,0.119710,9.991004
1764069899081,0.351948,-0.201113,10.115502
1764069899089,0.186748,-0.040701,9.830592
1764069899097,0.488417,-0.014365,9.813833
1764069899105,-0.210690,-0.083797,9.974244
1764069899113,0.064643,-0.069432,9.672575
1764069899121,-0.428562,0.040701,9.686940
1764069899129,-0.883460,0.143652,9.907207
1764069899137,0.047884,-0.093374,9.911995
1764069899145,-0.067038,-0.045490,9.840169
1764069899153,0.074220,0.076614,9.739613
1764069899161,-0.193930,0.131681,9.849746
1764069899169,0.287304,0.165200,9.674969
1764069899177,0.100556,0.090980,9.785102
1764069899185,-0.272939,0.335188,9.710882
1764069899193,-0.495600,-0.129287,10.091560
1764069899201,0.117316,0.014365,9.883265
1764069899209,0.251391,0.038307,9.751583
1764069899217,0.050278,-0.026336,9.969456
1764069899225,-0.301669,-0.090980,9.804255
1764069899233,0.016759,-0.134075,9.950302
1764069899241,-0.090980,0.038307,10.007763
1764069899249,0.055067,0.169988,9.744401
1764069899257,-0.215478,0.081403,9.852140
1764069899265,-0.502782,0.196325,9.818622
1764069899273,-0.404620,0.028730,9.933543
1764069899281,-0.507571,0.064643,9.919178
1764069899289,0.167594,0.035913,9.876082
1764069899297,0.222661,0.143652,9.629479
1764069899305,0.385466,0.234632,9.722853
1764069899313,0.162806,0.150835,10.132261
1764069899321,-0.069432,0.174777,9.950302
1764069899329,0.011971,0.035913,9.722853
1764069899337,-0.062249,0.038307,9.823410
1764069899345,-0.124498,-0.002394,9.969456
1764069899353,-0.387861,0.007183,9.897630
1764069899361,-0.234632,-0.088585,9.957485
1764069899369,-0.512359,-0.148441,9.890448
1764069899377,-0.105345,-0.222661,9.935937
1764069899385,-0.677559,-0.270545,9.840169
1764069899393,-0.948104,-0.366313,9.907207
1764069899401,-0.883460,-0.320823,9.981427
1764069899409,-0.129287,0.004788,9.787497
1764069899417,0.119710,0.237026,9.768343
1764069899425,0.213084,0.229843,9.821015
1764069899433,-0.143652,0.337582,9.876082
1764069899441,-0.612916,0.318429,9.940725
1764069899449,-0.433351,0.160412,9.806650
1764069899457,0.167594,0.038307,9.813833
1764069899465,-0.177171,0.177171,9.854534
1764069899473,0.055067,-0.093374,9.866506
1764069899481,0.146046,-0.220267,9.904813
1764069899489,-0.526724,-0.246603,9.916783
1764069899497,-0.567426,-0.263362,9.959879
1764069899505,-0.454898,-0.299275,9.689334
1764069899513,-0.639252,0.007183,9.823410
1764069899521,-0.067038,0.201113,10.026917
1764069899529,0.251391,0.227449,9.679757
1764069899537,-0.205901,0.289698,9.725247
1764069899545,-0.337582,0.244209,9.792285
1764069899553,-0.519542,0.270545,9.737218
1764069899561,-0.565032,0.213084,9.725247
1764069899569,-0.732626,0.227449,9.794679
1764069899577,-1.082179,0.158017,9.988609
1764069899585,-0.888249,0.105345,9.658210
1764069899593,-0.936133,0.150835,9.868899
1764069899601,-0.349553,0.208296,9.861717
1764069899609,0.050278,0.100556,9.761160
1764069899617,0.172383,0.095768,9.835381
1764069899625,-0.325611,0.134075,9.911995
1764069899633,-0.062249,0.031125,9.775525
1764069899641,-0.234632,-0.014365,9.904813
1764069899649,-0.234632,-0.014365,9.811439
1764069899657,-0.351948,0.004788,10.144233
1764069899665,0.100556,-0.090980,9.823410
1764069899673,-0.423774,0.079009,10.081984
1764069899681,-0.136469,0.517148,9.844957
1764069899689,0.294487,0.584185,9.837775
1764069899697,0.239420,0.428562,9.823410
1764069899705,-0.088585,0.294487,9.861717
1764069899713,-0.402226,0.040701,10.120291
1764069899721,-0.217872,0.129287,9.562442
1764069899729,-0.038307,0.517148,10.151415
1764069899737,0.308852,0.442927,9.758766
1764069899745,0.694318,0.390255,9.842564
1764069899753,0.634463,0.320823,9.878476
1764069899761,0.486023,0.313640,9.854534
1764069899769,0.373495,-0.088585,9.639056
1764069899777,-0.021548,-0.476446,9.945514
1764069899785,-1.051055,-0.624887,9.785102
1764069899793,-0.220267,-0.739808,9.679757
1764069899801,0.050278,-0.493206,9.770737
1764069899809,0.035913,-0.330400,9.947908
1764069899817,0.433351,0.050278,9.627085
1764069899825,0.577003,-0.098162,9.981427
1764069899833,1.027112,0.167594,9.835381
1764069899841,-0.086191,0.184354,9.828198
1764069899849,0.433351,0.134075,9.696517
1764069899857,0.141258,0.215478,9.868899
1764069899865,0.045490,0.184354,9.897630
1764069899873,0.579397,0.150835,9.773131
1764069899881,-0.445322,0.090980,9.636662
1764069899889,-0.325611,-0.414197,9.710882
1764069899897,-0.991199,-0.574608,9.895236
1764069899905,-0.220267,-0.744597,9.497798
1764069899913,-1.074997,-0.071826,9.691729
1764069899921,0.378284,-0.203507,9.670180
1764069899929,0.794875,-0.038307,9.703699
1764069899937,0.816423,0.320823,10.206482
1764069899945,0.957681,0.457293,9.868899
1764069899953,0.301669,0.445322,9.780313
1764069899961,0.227449,0.272939,9.907207
1764069899969,-0.122104,0.227449,9.852140
1764069899977,-0.703895,-0.002394,9.933543
1764069899985,-0.687136,-0.043096,10.146626
1764069899993,0.000000,-0.325611,9.531317
1764069900001,-0.270545,-0.423774,10.038888
1764069900009,-0.895431,-0.557849,9.849746
1764069900017,-0.531513,-0.708684,9.844957
1764069900025,0.215478,-0.294487,9.574412
1764069900033,0.689530,-0.138864,9.892841
1764069900041,0.881066,0.050278,9.737218
1764069900049,0.974440,0.428562,9.660604
1764069900057,0.675165,0.306458,9.914390
1764069900065,0.782904,0.404620,9.785102
1764069900073,0.476446,0.402226,10.014946
1764069900081,-0.395043,0.064643,10.146626
1764069900089,-0.919373,0.009577,9.794679
1764069900097,-0.189142,-0.450110,9.969456
1764069900105,-0.972046,-0.205901,10.065224
1764069900113,-0.124498,-0.466869,9.957485
1764069900121,-0.026336,-0.131681,9.694122
1764069900129,-0.136469,-0.004788,9.974244
1764069900137,-0.193930,0.095768,10.024523
1764069900145,0.122104,0.294487,9.955091
1764069900153,1.304840,0.452504,9.533711
1764069900161,1.005565,0.320823,9.612720
1764069900169,0.744597,0.385466,9.976639
1764069900177,0.835576,0.402226,9.818622
1764069900185,0.277727,-0.021548,9.943120
1764069900193,0.442927,0.265756,9.756371
1764069900201,0.780510,0.045490,9.423578
1764069900209,0.320823,-0.067038,9.919178
1764069900217,0.040701,-0.169988,9.730036
1764069900225,-0.591368,-0.033519,10.263943
1764069900233,0.476446,0.246603,9.595961
1764069900241,0.665588,0.368707,9.871294
1764069900249,1.163582,0.428562,9.842564
1764069900257,1.350330,0.349553,9.816227
1764069900265,1.343147,0.095768,9.998186
1764069900273,0.165200,0.031125,9.713276
1764069900281,0.232238,0.126893,9.847352
1764069900289,1.051055,0.146046,10.041282
1764069900297,0.742203,0.244209,10.005369
1764069900305,-0.129287,0.280122,9.837775
1764069900313,-0.533907,0.306458,10.079589
1764069900321,0.263362,-0.014365,9.332599
1764069900329,1.244985,-0.268151,9.349358
1764069900337,0.237026,-0.430956,9.804255
1764069900345,-0.627281,-0.351948,9.552865
1764069900353,0.454898,-0.184354,9.528923
1764069900361,0.138864,-0.447716,9.631873
1764069900369,-0.062249,-0.313640,9.938332
1764069900377,0.474052,0.035913,9.639056
1764069900385,1.376666,0.023942,9.562442
1764069900393,0.347159,0.416591,9.797073
1764069900401,-0.464475,0.476446,10.017340
1764069900409,-0.119710,0.270545,9.514558
1764069900417,-0.093374,0.304064,9.971850
1764069900425,0.191536,0.459687,9.868899
1764069900433,0.617704,0.069432,9.560047
1764069900441,-0.670376,0.526724,10.058042
1764069900449,-0.366313,0.313640,9.844957
1764069900457,-0.474052,0.237026,9.627085
1764069900465,-0.974440,0.081403,9.622296
1764069900473,-0.387861,0.026336,9.816227
1764069900481,-0.567426,0.090980,9.935937
1764069900489,-0.545878,0.435745,9.660604
1764069900497,0.545878,0.313640,9.823410
1764069900505,0.023942,0.363919,9.928755
1764069900513,-0.586579,0.270545,10.170568
1764069900521,-0.050278,0.179565,9.617508
1764069900529,0.016759,0.239420,9.928755
1764069900537,-0.596156,0.450110,10.194510
1764069900545,0.256180,0.088585,9.679757
1764069900553,-0.593762,0.210690,9.787497
1764069900561,-0.584185,0.308852,9.926360
1764069900569,-1.039083,-0.241814,9.940725
1764069900577,-0.864307,-0.282516,9.921572
1764069900585,-0.502782,-0.404620,9.892841
1764069900593,-0.938527,-0.627281,9.892841
1764069900601,-0.952892,-0.359130,9.634268
1764069900609,-0.277727,-0.507571,9.746795
1764069900617,0.064643,-0.440533,9.548077
1764069900625,0.093374,-0.280122,9.859323
1764069900633,-0.026336,-0.162806,10.029311
1764069900641,0.035913,-0.129287,9.921572
1764069900649,0.435745,-0.208296,10.026917
1764069900657,-0.021548,-0.464475,9.756371
1764069900665,-0.761356,-0.596156,10.206482
1764069900673,-0.402226,-0.210690,9.923966
1764069900681,-0.445322,-0.397437,9.775525
1764069900689,-0.632069,-0.390255,10.093954
1764069900697,-0.351948,-0.342371,9.641450
1764069900705,-0.205901,-0.062249,9.775525
1764069900713,0.098162,0.093374,9.765948
1764069900721,-0.354342,0.256180,9.955091
1764069900729,-0.222661,-0.019154,9.895236
1764069900737,-0.229843,-0.134075,9.531317
1764069900745,-0.440533,0.033519,10.017340
1764069900753,0.213084,-0.229843,9.957485
1764069900761,-0.076614,-0.019154,10.058042
1764069900769,-0.538695,0.026336,9.739613
1764069900777,-0.385466,-0.074220,10.254366
1764069900785,0.399832,0.244209,9.782708
1764069900793,0.536301,-0.191536,9.600749
1764069900801,0.186748,-0.146046,10.263943
1764069900809,-0.129287,-0.146046,9.696517
1764069900817,-0.002394,-0.019154,9.878476
1764069900825,-0.158017,0.064643,10.074800
1764069900833,0.658405,0.019154,9.485827
1764069900841,0.193930,0.141258,9.878476
1764069900849,-0.679953,0.486023,10.153810
1764069900857,-0.409408,0.347159,9.835381
1764069900865,0.339977,0.457293,9.770737
1764069900873,0.028730,0.129287,9.890448
1764069900881,-0.002394,-0.143652,9.955091
1764069900889,-0.948104,-0.565032,10.175357
1764069900897,-0.407014,-0.466869,9.722853
1764069900905,-0.335188,-0.112527,9.674969
1764069900913,-0.067038,-0.342371,10.256760
1764069900921,-0.138864,-0.248997,9.911995
1764069900929,0.306458,-0.069432,9.883265
1764069900937,-0.823605,-0.014365,10.067618
1764069900945,-0.392649,0.007183,10.096349
1764069900953,0.143652,-0.186748,9.648633
1764069900961,0.146046,-0.260968,10.108319
1764069900969,-0.818817,0.055067,10.259154
1764069900977,-0.232238,-0.086191,9.753978
1764069900985,-0.732626,0.129287,10.338163
1764069900993,-0.083797,0.150835,9.639056
1764069901001,-0.100556,0.215478,9.816227
1764069901009,-1.316811,0.119710,10.199299
1764069901017,-1.302446,-0.105345,9.878476
1764069901025,-0.122104,0.004788,9.490616
1764069901033,-0.670376,0.086191,10.005369
1764069901041,-0.435745,0.086191,9.698911
1764069901049,-0.287304,0.026336,10.055647
1764069901057,0.229843,-0.064643,9.919178
1764069901065,0.186748,0.064643,10.007763
1764069901073,0.574608,0.256180,9.847352
1764069901081,-0.213084,0.320823,10.034100
1764069901089,-0.090980,0.196325,9.600749
1764069901097,0.229843,-0.021548,10.086772
1764069901105,-0.251391,0.047884,9.445126
1764069901113,-0.086191,-0.052672,9.528923
1764069901121,-0.234632,0.023942,9.928755
1764069901129,-0.545878,0.148441,9.746795
1764069901137,0.265756,0.062249,9.689334
1764069901145,0.098162,0.557849,10.139444
1764069901153,-0.052672,0.366313,9.967062
1764069901161,0.083797,0.418985,9.691729
1764069901169,0.469264,0.902614,9.923966
1764069901177,-0.354342,0.854730,10.029311
1764069901185,-0.198719,0.184354,9.540894
1764069901193,-0.849942,0.023942,9.916783
1764069901201,0.476446,-0.347159,9.888053
1764069901209,-0.143652,-0.234632,9.648633
1764069901217,-0.074220,-0.418985,10.034100
1764069901225,0.028730,-0.119710,9.892841
1764069901233,-0.162806,-0.009577,9.770737
1764069901241,0.007183,0.062249,10.041282
1764069901249,0.213084,-0.339977,9.727641
1764069901257,-0.328006,0.117316,9.861717
1764069901265,-0.402226,0.009577,9.792285
1764069901273,-0.531513,-0.134075,9.682152
1764069901281,-0.045490,-0.373495,9.689334
1764069901289,-0.847547,-0.677559,10.120291
1764069901297,-0.071826,-0.399832,9.816227
1764069901305,0.416591,-0.682347,10.005369
1764069901313,-0.651223,0.026336,10.187328
1764069901321,0.260968,-0.208296,10.074800
1764069901329,0.869095,-0.217872,9.346964
1764069901337,0.483629,0.229843,10.144233
1764069901345,0.754174,0.648829,9.892841
1764069901353,0.943315,0.679953,9.655815
1764069901361,-0.150835,0.210690,9.856929
1764069901369,0.019154,0.459687,9.751583
1764069901377,0.646434,0.241814,9.593566
1764069901385,0.021548,0.143652,10.002975
1764069901393,-0.311246,-0.335188,10.084377
1764069901401,-0.644040,-0.055067,10.070012
1764069901409,-0.670376,-0.071826,9.835381
1764069901417,-1.285686,0.260968,9.919178
1764069901425,-0.043096,0.368707,9.670180
1764069901433,1.474828,0.586579,9.476251
1764069901441,1.419762,0.651223,9.636662
1764069901449,1.312023,0.605733,9.708488
1764069901457,0.440533,0.433351,9.895236
1764069901465,0.452504,0.067038,9.533711
1764069901473,0.299275,-0.134075,9.859323
1764069901481,-0.490811,-0.316035,10.213664
1764069901489,-0.620098,-0.165200,9.844957
1764069901497,-0.337582,-0.124498,10.259154
1764069901505,-0.833182,-0.016759,10.419566
1764069901513,-0.407014,-0.260968,9.758766
1764069901521,0.134075,-0.014365,9.962274
1764069901529,0.708684,0.193930,9.050082
1764069901537,0.526724,-0.067038,9.380483
1764069901545,-1.118092,-0.105345,10.070012
1764069901553,-1.115698,-0.304064,10.067618
1764069901561,-0.339977,-0.442927,9.358934
1764069901569,-1.074997,-0.351948,10.196905
1764069901577,-0.244209,-0.153229,9.785102
1764069901585,-0.454898,0.122104,9.629479
1764069901593,-1.046266,0.191536,10.936713
1764069901601,0.497994,-0.294487,9.708488
1764069901609,-0.756568,-0.093374,10.656591
1764069901617,-0.588974,0.131681,10.477027
1764069901625,-0.062249,-0.146046,9.749189
1764069901633,-0.651223,0.076614,9.921572
1764069901641,-0.517148,0.179565,9.883265
1764069901649,-0.603339,0.150835,9.751583
1764069901657,-0.105345,0.316035,10.117896
1764069901665,-0.538695,0.339977,9.945514
1764069901673,-0.129287,0.562637,9.574412
1764069901681,0.253785,0.577003,9.646238
1764069901689,0.617704,0.373495,9.971850
1764069901697,0.548272,0.275333,9.026140
1764069901705,0.301669,-0.021548,9.904813
1764069901713,0.052672,0.124498,10.132261
1764069901721,-0.162806,-0.129287,9.284714
1764069901729,-0.474052,0.026336,10.857705
1764069901737,-0.361524,0.277727,9.653421
1764069901745,-0.294487,0.373495,10.488997
1764069901753,-0.102951,0.246603,9.914390
1764069901761,-0.222661,0.143652,9.418790
1764069901769,-0.320823,0.217872,10.323798
1764069901777,-0.229843,-0.059855,10.328587
1764069901785,-0.581791,-0.150835,9.986216
1764069901793,-0.739808,-0.301669,10.424355
1764069901801,-0.323217,-0.222661,10.443508
1764069901809,0.239420,-0.021548,9.318233
1764069901817,0.284910,-0.002394,9.856929
1764069901825,0.119710,0.287304,10.354922
1764069901833,0.478840,0.361524,9.725247
1764069901841,0.189142,0.105345,9.205706
1764069901849,-0.055067,0.162806,10.077195
1764069901857,-0.229843,0.014365,10.412383
1764069901865,-0.090980,-0.052672,10.613496
1764069901873,-0.069432,0.095768,10.096349
1764069901881,0.043096,-0.148441,9.203311
1764069901889,-0.117316,0.028730,10.168175
1764069901897,-0.423774,0.126893,9.509769
1764069901905,-0.593762,0.040701,9.102755
1764069901913,-0.679953,0.136469,10.608707
1764069901921,-0.335188,-0.131681,8.765172
1764069901929,-0.708684,0.220267,9.907207
1764069901937,-0.220267,-0.059855,10.218452
1764069901945,-0.275333,-0.155623,9.962274
1764069901953,-0.232238,-0.086191,10.338163
1764069901961,0.215478,0.028730,9.794679
1764069901969,0.605733,-0.083797,9.512163
1764069901977,0.629675,0.045490,9.955091
1764069901985,0.196325,-0.146046,9.959879
1764069901993,-0.069432,0.126893,8.640674
1764069902001,-0.433351,-0.167594,9.682152
1764069902009,-0.799663,-0.380678,10.477027
1764069902017,-0.816423,-0.383072,9.320627
1764069902025,-0.926556,-0.478840,9.900024
1764069902033,-0.332794,-0.284910,10.184934
1764069902041,-0.814029,-0.167594,10.426748
1764069902049,-0.002394,-0.055067,9.825804
1764069902057,-0.148441,0.153229,9.926360
1764069902065,0.251391,0.117316,10.050858
1764069902073,0.495600,0.299275,9.543288
1764069902081,0.354342,0.318429,8.908825
1764069902089,-0.936133,0.433351,10.295067
1764069902097,0.313640,-0.229843,10.077195
1764069902105,0.098162,0.016759,9.074024
1764069902113,0.658405,0.014365,9.964667
1764069902121,0.011971,-0.059855,10.338163
1764069902129,0.043096,0.000000,9.272743
1764069902137,-0.519542,-0.026336,10.036493
1764069902145,-0.122104,-0.335188,9.071630
1764069902153,0.651223,-0.251391,9.066842
1764069902161,-0.617704,-0.380678,10.249578
1764069902169,-0.148441,-0.220267,8.681376
1764069902177,-0.502782,-0.205901,10.366894
1764069902185,-0.533907,0.193930,10.544065
1764069902193,-0.375890,0.234632,10.156203
1764069902201,-0.548272,0.565032,9.998186
1764069902209,0.519542,0.081403,9.136273
1764069902217,0.050278,0.004788,9.801862
1764069902225,0.426168,-0.253785,9.373300
1764069902233,-0.213084,-0.531513,9.923966
1764069902241,-1.034295,-0.256180,10.113108
1764069902249,-0.404620,-0.366313,10.086772
1764069902257,-0.349553,-0.205901,10.072407
1764069902265,-0.371101,-0.225055,9.342175
1764069902273,-0.842759,0.102951,10.153810
1764069902281,0.294487,-0.239420,10.125079
1764069902289,-0.304064,0.074220,10.656591
1764069902297,0.368707,-0.016759,9.337387
1764069902305,-0.624887,0.375890,9.981427
1764069902313,-0.237026,0.177171,9.059659
1764069902321,-0.055067,-0.148441,9.303867
1764069902329,0.270545,0.000000,9.943120
1764069902337,0.141258,0.136469,9.569624
1764069902345,-0.275333,0.138864,10.673351
1764069902353,-0.509965,0.009577,10.314221
1764069902361,0.703895,-0.124498,9.629479
1764069902369,0.210690,0.052672,10.144233
1764069902377,-0.373495,0.074220,9.995792
1764069902385,-0.371101,-0.057461,8.985439
1764069902393,-1.448492,0.033519,10.661380
1764069902401,0.002394,-0.165200,9.701305
1764069902409,-0.308852,0.055067,9.880871
1764069902417,-1.285686,0.512359,10.292673
1764069902425,-1.144428,0.720655,10.546458
1764069902433,0.612916,0.225055,9.497798
1764069902441,1.625663,-0.090980,10.304645
1764069902449,1.225831,0.055067,9.294291
1764069902457,1.441309,0.119710,9.423578
1764069902465,0.739808,0.059855,10.350134
1764069902473,0.466869,-0.208296,8.930372
1764069902481,-0.859518,-0.550666,9.442732
1764069902489,-1.731008,-0.464475,9.682152
1764069902497,-0.608127,-0.397437,9.404425
1764069902505,-0.948104,-0.086191,9.715671
1764069902513,-0.105345,0.079009,9.210494
1764069902521,-0.124498,0.205901,10.187328
1764069902529,0.883460,0.349553,10.014946
1764069902537,0.138864,0.457293,9.873688
1764069902545,-0.114922,0.509965,9.579201
1764069902553,0.177171,0.471658,9.801862
1764069902561,-0.251391,0.275333,9.971850
1764069902569,-0.047884,-0.093374,9.514558
1764069902577,-1.211466,-0.169988,10.026917
1764069902585,-1.223437,-0.371101,9.981427
1764069902593,-2.236184,0.155623,10.022128
1764069902601,0.414197,-0.335188,9.624691
1764069902609,-0.646434,0.026336,10.694899
1764069902617,-0.071826,0.136469,10.034100
1764069902625,-0.632069,0.268151,10.362105
1764069902633,-0.766145,0.490811,8.894460
1764069902641,-2.549825,0.976834,10.108319
1764069902649,-0.775721,-0.007183,9.524135
1764069902657,-0.823605,0.119710,9.737218
1764069902665,-0.222661,0.404620,9.303867
1764069902673,0.284910,0.045490,9.976639
1764069902681,0.895431,-0.083797,9.921572
1764069902689,0.237026,0.093374,10.386047
1764069902697,1.403002,-0.088585,9.938332
1764069902705,0.083797,0.172383,10.747571
1764069902713,-0.821211,0.445322,10.211270
1764069902721,-0.138864,-0.052672,9.677363
1764069902729,0.363919,0.122104,9.940725
1764069902737,-0.677559,0.529119,10.036493
1764069902745,-1.438915,0.141258,10.429143
1764069902753,-0.232238,-0.110133,8.990228
1764069902761,-0.766145,0.148441,10.105926
1764069902769,0.169988,0.380678,9.682152
1764069902777,0.735020,0.057461,9.507375
1764069902785,0.785298,0.083797,10.041282
1764069902793,-0.653617,0.368707,10.285490
1764069902801,-0.703895,0.186748,10.297462
1764069902809,0.569820,-0.136469,9.507375
1764069902817,0.442927,0.165200,8.949526
1764069902825,1.740585,-0.227449,8.468291
1764069902833,-0.217872,0.711078,10.560823
1764069902841,-0.854730,1.156399,10.156203
1764069902849,0.414197,-0.167594,9.634268
1764069902857,0.454898,0.064643,9.536105
1764069902865,0.916979,0.023942,9.526528
1764069902873,0.153229,0.062249,9.732430
1764069902881,0.093374,-0.538695,9.756371
1764069902889,-1.098939,-0.574608,10.050858
1764069902897,-0.802058,-0.414197,9.947908
1764069902905,-0.241814,0.031125,9.868899
1764069902913,0.304064,0.335188,10.029311
1764069902921,0.830788,0.294487,9.686940
1764069902929,0.486023,0.304064,9.706094
1764069902937,1.237802,0.512359,9.775525
1764069902945,0.818817,0.543484,9.765948
1764069902953,0.239420,0.069432,9.631873
1764069902961,-0.514753,-0.079009,9.835381
1764069902969,-0.153229,0.110133,9.682152
1764069902977,-1.185130,0.122104,10.014946
1764069902985,-0.727837,-0.007183,9.682152
1764069902993,-0.146046,-0.213084,9.502586
1764069903001,-0.033519,0.083797,9.651027
1764069903009,-0.330400,0.718261,9.576807
1764069903017,0.560243,0.081403,9.816227
1764069903025,0.553061,-0.210690,9.734824
1764069903033,-0.248997,0.083797,10.084377
1764069903041,-0.555455,-0.026336,10.342952
1764069903049,-0.790087,-0.311246,9.832987
1764069903057,-0.136469,-0.306458,9.955091
1764069903065,-0.404620,-0.165200,9.885659
1764069903073,-0.361524,0.023942,9.916783
1764069903081,0.189142,-0.047884,9.986216
1764069903089,-0.114922,0.028730,9.660604
1764069903097,-0.727837,0.246603,9.883265
1764069903105,-0.306458,0.186748,10.038888
1764069903113,-0.016759,0.119710,9.545682
1764069903121,-0.086191,0.328006,9.722853
1764069903129,-0.450110,0.237026,9.945514
1764069903137,-0.347159,0.064643,9.785102
1764069903145,-1.125275,0.009577,10.137050
1764069903153,-1.180341,-0.146046,9.983821
1764069903161,-0.988805,-0.306458,9.868899
1764069903169,-0.565032,-0.366313,9.914390
1764069903177,-1.194707,-0.332794,9.727641
1764069903185,-2.054225,-0.380678,10.141838
1764069903193,-1.687912,-0.502782,9.698911
1764069903201,-2.018312,-0.248997,9.619903
1764069903209,-1.537078,0.107739,9.801862
1764069903217,-1.345541,0.158017,9.768343
1764069903225,-1.154005,0.088585,10.034100
1764069903233,-1.187524,-0.093374,10.010158
1764069903241,-0.806846,-0.399832,9.722853
1764069903249,-0.450110,-0.462081,9.564836
1764069903257,-0.699107,-0.414197,9.686940
1764069903265,-0.375890,-0.390255,9.710882
1764069903273,-0.375890,-0.225055,9.983821
1764069903281,0.071826,-0.107739,9.878476
1764069903289,0.960075,-0.134075,9.564836
1764069903297,0.213084,0.184354,9.959879
1764069903305,0.141258,0.076614,9.995792
1764069903313,0.311246,0.040701,9.758766
1764069903321,-0.397437,0.062249,10.067618
1764069903329,-0.237026,-0.055067,9.660604
1764069903337,-0.316035,-0.016759,9.828198
1764069903345,-0.205901,-0.011971,9.576807
1764069903353,0.213084,-0.011971,9.883265
1764069903361,0.866701,0.076614,9.756371
1764069903369,0.260968,0.371101,9.847352
1764069903377,-0.007183,0.112527,9.756371
1764069903385,0.577003,0.002394,9.909601
1764069903393,0.828394,-0.002394,9.959879
1764069903401,-0.119710,0.162806,10.036493
1764069903409,0.282516,0.138864,9.528923
1764069903417,-0.122104,0.160412,9.967062
1764069903425,-0.730232,0.241814,9.868899
1764069903433,0.047884,0.354342,9.806650
1764069903441,-0.311246,0.342371,9.916783
1764069903449,-0.110133,0.256180,9.945514
1764069903457,-0.328006,0.124498,9.955091
1764069903465,-0.328006,0.201113,9.931149
1764069903473,-0.129287,0.009577,10.036493
1764069903481,0.040701,0.021548,10.101137
1764069903489,0.208296,-0.028730,9.821015
1764069903497,0.141258,0.093374,9.959879
1764069903505,-0.059855,0.081403,9.765948
1764069903513,-0.390255,0.347159,9.804255
1764069903521,-0.651223,0.169988,10.153810
1764069903529,0.174777,0.069432,9.914390
1764069903537,0.562637,0.275333,9.797073
1764069903545,0.462081,0.744597,9.861717
1764069903553,0.404620,-0.093374,9.739613
1764069903561,0.720655,-0.605733,9.658210
1764069903569,-1.170765,-0.062249,9.878476
1764069903577,-2.051831,0.086191,9.991004
1764069903585,-1.230620,-0.134075,9.933543
1764069903593,-0.308852,-0.229843,9.615114
1764069903601,-0.169988,0.102951,9.955091
1764069903609,0.486023,0.158017,9.691729
1764069903617,0.507571,0.138864,9.789890
1764069903625,-0.258574,0.220267,9.923966
1764069903633,0.033519,0.035913,9.904813
1764069903641,-0.253785,-0.047884,9.636662
1764069903649,-0.136469,0.043096,9.358934
1764069903657,-0.579397,-0.100556,9.957485
1764069903665,0.004788,-0.014365,10.292673
1764069903673,0.179565,0.169988,9.866506
1764069903681,-0.256180,0.270545,9.955091
1764069903689,-0.007183,0.067038,10.029311
1764069903697,-0.186748,0.038307,9.725247
1764069903705,-0.404620,0.162806,9.696517
1764069903713,-0.344765,0.098162,9.902418
1764069903721,-0.476446,-0.074220,9.923966
1764069903729,-0.837971,-0.102951,9.552865
1764069903737,-1.005565,-0.205901,9.794679
1764069903745,-1.125275,0.000000,9.734824
1764069903753,-0.538695,0.174777,9.753978
1764069903761,-0.845153,0.158017,9.701305
1764069903769,-0.577003,-0.095768,9.490616
1764069903777,-1.692701,-0.213084,9.864111
1764069903785,-1.570596,-0.002394,9.873688
1764069903793,-0.174777,0.086191,9.763555
1764069903801,0.088585,0.095768,9.847352
1764069903809,0.062249,0.023942,9.782708
1764069903817,-0.667982,-0.038307,9.739613
1764069903825,-0.706290,-0.057461,9.840169
1764069903833,-0.134075,0.055067,9.849746
1764069903841,0.009577,0.057461,9.811439
1764069903849,-0.055067,0.045490,9.892841
1764069903857,-0.095768,0.047884,9.830592
1764069903865,-0.086191,0.059855,9.866506
1764069903873,-0.138864,0.052672,9.842564
1764069903881,-0.215478,0.043096,9.856929
1764069903889,-0.143652,-0.009577,9.900024
1764069903897,-0.047884,0.023942,9.789890
1764069903905,-0.119710,0.052672,9.873688
1764069903913,-0.126893,0.016759,9.842564
1764069903921,-0.162806,0.011971,9.825804
1764069903929,-0.095768,0.009577,9.859323
1764069903937,0.014365,0.069432,9.861717
1764069903945,-0.016759,0.031125,9.878476
1764069903953,-0.052672,0.014365,9.883265
1764069903961,-0.069432,0.035913,9.897630
1764069903969,-0.081403,0.047884,9.844957
1764069903977,-0.100556,0.043096,9.854534
1764069903985,-0.107739,0.052672,9.864111
1764069903993,-0.102951,0.069432,9.809045
1764069904001,-0.122104,0.033519,9.943120
1764069904009,-0.098162,0.043096,9.830592
1764069904017,-0.040701,0.050278,9.629479
1764069904025,-0.090980,0.021548,9.974244
1764069904033,-0.074220,0.033519,9.727641
1764069904041,-0.117316,0.062249,9.507375
1764069904049,-0.102951,0.098162,10.024523
1764069904057,0.088585,-0.028730,10.096349
1764069904065,-0.002394,-0.011971,10.026917
1764069904073,-0.102951,0.040701,9.789890
1764069904081,-0.131681,0.086191,9.605537
1764069904089,-0.114922,0.081403,9.725247
1764069904097,-0.057461,0.047884,9.883265
1764069904105,-0.019154,0.026336,9.916783
1764069904113,-0.055067,0.052672,9.916783
1764069904121,-0.083797,0.055067,9.837775
1764069904129,-0.088585,0.052672,9.775525
1764069904137,-0.090980,0.031125,9.847352
1764069904145,-0.074220,0.026336,9.854534
1764069904153,-0.067038,0.014365,9.849746
1764069904161,-0.088585,0.026336,9.856929
1764069904169,-0.083797,0.043096,9.830592
1764069904177,-0.064643,0.045490,9.813833
1764069904185,-0.102951,0.043096,9.856929
1764069904193,-0.083797,0.045490,9.859323
1764069904201,-0.083797,0.047884,9.835381
1764069904209,-0.088585,0.045490,9.873688
1764069904217,-0.071826,0.043096,9.847352
1764069904225,-0.088585,0.047884,9.844957
1764069904233,-0.093374,0.043096,9.849746
1764069904241,-0.074220,0.011971,9.835381
1764069904249,-0.093374,0.023942,9.854534
1764069904257,-0.102951,0.021548,9.847352
1764069904265,-0.050278,0.028730,9.825804
1764069904273,-0.083797,0.038307,9.859323
1764069904281,-0.081403,0.052672,9.844957
1764069904289,-0.052672,0.050278,9.840169
1764069904297,-0.083797,0.055067,9.859323
1764069904305,-0.071826,0.045490,9.844957
1764069904313,-0.062249,0.028730,9.825804
1764069904321,-0.122104,0.093374,9.895236
1764069904329,-0.122104,0.055067,9.871294
1764069904337,-0.028730,0.014365,9.854534
1764069904345,-0.076614,0.045490,9.866506
1764069904353,-0.050278,0.028730,9.727641
1764069904361,-0.019154,0.031125,9.789890
1764069904369,-0.088585,0.026336,9.864111
1764069904377,-0.076614,0.031125,9.806650
1764069904385,-0.055067,0.050278,9.777920
1764069904393,-0.076614,0.043096,9.804255
1764069904401,-0.067038,0.009577,9.830592
1764069904409,-0.081403,0.050278,9.904813
1764069904417,-0.119710,0.033519,9.909601
1764069904425,-0.052672,0.057461,9.871294
1764069904433,-0.095768,0.033519,9.888053
1764069904441,-0.076614,0.002394,9.856929
1764069904449,-0.038307,0.050278,9.818622
1764069904457,-0.107739,0.038307,9.852140
1764069904465,-0.064643,0.035913,9.811439
1764069904473,-0.064643,0.067038,9.816227
1764069904481,-0.086191,0.047884,9.878476
1764069904489,-0.050278,0.035913,9.856929
1764069904497,-0.090980,0.050278,9.859323
1764069904505,-0.093374,0.031125,9.856929
1764069904513,-0.079009,0.038307,9.828198
1764069904521,-0.083797,0.040701,9.830592
1764069904529,-0.093374,0.038307,9.866506
1764069904537,-0.076614,0.007183,9.844957
1764069904545,-0.079009,0.023942,9.804255
1764069904553,-0.064643,0.002394,9.809045
1764069904561,-0.064643,0.021548,9.852140
1764069904569,-0.079009,0.011971,9.818622
1764069904577,-0.071826,0.050278,9.859323
1764069904585,-0.081403,0.062249,9.856929
1764069904593,-0.076614,0.028730,9.844957
1764069904601,-0.086191,0.052672,9.866506
1764069904609,-0.045490,0.050278,9.856929
1764069904617,-0.083797,0.023942,9.840169
1764069904625,-0.076614,0.047884,9.849746
1764069904633,-0.064643,0.026336,9.842564
1764069904641,-0.079009,0.011971,9.818622
1764069904649,-0.086191,0.043096,9.837775
1764069904657,-0.050278,0.028730,9.832987
1764069904665,-0.093374,0.026336,9.856929
1764069904673,-0.076614,0.047884,9.854534
1764069904681,-0.057461,0.043096,9.832987
1764069904689,-0.095768,0.071826,9.873688
1764069904697,-0.081403,0.033519,9.873688
1764069904705,-0.055067,0.011971,9.818622
1764069904713,-0.100556,0.035913,9.873688
1764069904721,-0.079009,0.011971,9.837775
1764069904729,-0.047884,0.004788,9.840169
1764069904737,-0.105345,0.002394,9.844957
1764069904745,-0.081403,0.031125,9.837775
1764069904753,-0.057461,0.016759,9.825804
1764069904761,-0.098162,0.033519,9.844957
1764069904769,-0.057461,0.043096,9.859323
1764069904777,-0.090980,0.062249,9.837775
1764069904785,-0.093374,0.031125,9.859323
1764069904793,-0.062249,0.050278,9.878476
1764069904801,-0.086191,0.033519,9.835381
1764069904809,-0.098162,0.016759,9.852140
1764069904817,-0.076614,0.016759,9.830592
1764069904825,-0.090980,0.019154,9.823410
1764069904833,-0.088585,0.004788,9.840169
1764069904841,-0.043096,0.038307,9.847352
1764069904849,-0.098162,0.031125,9.837775
1764069904857,-0.093374,0.038307,9.859323
1764069904865,-0.067038,0.033519,9.849746
1764069904873,-0.083797,0.050278,9.847352
1764069904881,-0.057461,0.052672,9.856929
1764069904889,-0.069432,0.040701,9.830592
1764069904897,-0.079009,0.043096,9.868899
1764069904905,-0.090980,0.021548,9.854534
1764069904913,-0.057461,-0.002394,9.801862
1764069904921,-0.083797,0.004788,9.835381
1764069904929,-0.079009,0.014365,9.828198
1764069904937,-0.081403,0.019154,9.832987
1764069904945,-0.100556,0.033519,9.864111
1764069904953,-0.083797,0.050278,9.830592
1764069904961,-0.076614,0.050278,9.799467
1764069904969,-0.095768,0.052672,9.861717
1764069904977,-0.074220,0.052672,9.840169
1764069904985,-0.067038,0.059855,9.832987
1764069904993,-0.105345,0.062249,9.840169
1764069905001,-0.055067,0.031125,9.856929
1764069905009,-0.067038,0.016759,9.816227
1764069905017,-0.112527,0.011971,9.849746
1764069905025,-0.064643,0.031125,9.840169
1764069905033,-0.069432,0.021548,9.828198
1764069905041,-0.090980,0.011971,9.866506
1764069905049,-0.050278,0.028730,9.861717
1764069905057,-0.079009,0.031125,9.849746
1764069905065,-0.074220,0.055067,9.866506
1764069905073,-0.038307,0.052672,9.823410
1764069905081,-0.074220,0.055067,9.856929
1764069905089,-0.090980,0.045490,9.866506
1764069905097,-0.055067,0.050278,9.825804
1764069905105,-0.093374,0.033519,9.868899
1764069905113,-0.069432,0.011971,9.842564
1764069905121,-0.045490,0.009577,9.809045
1764069905129,-0.086191,0.028730,9.866506
1764069905137,-0.052672,0.040701,9.847352
1764069905145,-0.050278,0.031125,9.818622
1764069905153,-0.083797,0.033519,9.866506
1764069905161,-0.055067,0.067038,9.859323
1764069905169,-0.062249,0.033519,9.832987
1764069905177,-0.081403,0.040701,9.864111
1764069905185,-0.057461,0.055067,9.842564
1764069905193,-0.055067,0.007183,9.816227
1764069905201,-0.093374,0.019154,9.854534
1764069905209,-0.055067,-0.002394,9.842564
1764069905217,-0.081403,0.000000,9.821015
1764069905225,-0.081403,0.009577,9.852140
1764069905233,-0.062249,0.026336,9.842564
1764069905241,-0.076614,0.023942,9.825804
1764069905249,-0.083797,0.052672,9.852140
1764069905257,-0.052672,0.038307,9.842564
1764069905265,-0.095768,0.035913,9.847352
1764069905273,-0.093374,0.047884,9.854534
1764069905281,-0.045490,0.035913,9.842564
1764069905289,-0.081403,0.028730,9.854534
1764069905297,-0.079009,0.014365,9.835381
1764069905305,-0.062249,0.028730,9.811439
1764069905313,-0.093374,0.019154,9.852140
1764069905321,-0.059855,0.023942,9.852140
1764069905329,-0.040701,0.035913,9.832987
1764069905337,-0.076614,0.040701,9.880871
1764069905345,-0.067038,0.045490,9.854534
1764069905353,-0.040701,0.040701,9.816227
1764069905361,-0.100556,0.040701,9.876082
1764069905369,-0.050278,0.038307,9.840169
1764069905377,-0.064643,0.040701,9.840169
1764069905385,-0.105345,0.038307,9.871294
1764069905393,-0.052672,0.011971,9.856929
1764069905401,-0.083797,0.002394,9.844957
1764069905409,-0.088585,0.016759,9.859323
1764069905417,-0.076614,0.019154,9.847352
1764069905425,-0.074220,0.028730,9.835381
1764069905433,-0.076614,0.038307,9.844957
1764069905441,-0.055067,0.028730,9.844957
1764069905449,-0.074220,0.057461,9.840169
1764069905457,-0.071826,0.052672,9.859323
1764069905465,-0.064643,0.059855,9.830592
1764069905473,-0.079009,0.033519,9.847352
1764069905481,-0.090980,0.021548,9.844957
1764069905489,-0.057461,0.011971,9.804255
1764069905497,-0.069432,0.033519,9.854534
1764069905505,-0.086191,0.004788,9.809045
1764069905513,-0.045490,0.033519,9.849746
1764069905521,-0.086191,0.021548,9.885659
1764069905529,-0.067038,0.019154,9.854534
1764069905537,-0.064643,0.033519,9.828198
1764069905545,-0.098162,0.050278,9.873688
1764069905553,-0.067038,0.059855,9.844957
1764069905561,-0.081403,0.047884,9.844957
1764069905569,-0.093374,0.040701,9.871294
1764069905577,-0.057461,0.019154,9.842564
1764069905585,-0.074220,0.028730,9.847352
1764069905593,-0.100556,0.031125,9.876082
1764069905601,-0.057461,0.031125,9.854534
1764069905609,-0.081403,0.009577,9.830592
1764069905617,-0.105345,0.033519,9.849746
1764069905625,-0.076614,0.031125,9.849746
1764069905633,-0.083797,0.057461,9.849746
1764069905641,-0.098162,0.040701,9.844957
1764069905649,-0.081403,0.057461,9.852140
1764069905657,-0.088585,0.035913,9.840169
1764069905665,-0.088585,0.035913,9.861717
1764069905673,-0.059855,0.026336,9.832987
1764069905681,-0.086191,0.028730,9.847352
1764069905689,-0.083797,0.007183,9.828198
1764069905697,-0.050278,0.019154,9.830592
1764069905705,-0.083797,0.021548,9.856929
1764069905713,-0.090980,0.011971,9.823410
1764069905721,-0.067038,0.023942,9.837775
1764069905729,-0.076614,0.050278,9.876082
1764069905737,-0.059855,0.033519,9.832987
1764069905745,-0.074220,0.033519,9.856929
1764069905753,-0.086191,0.028730,9.880871
1764069905761,-0.067038,0.038307,9.849746
1764069905769,-0.071826,0.033519,9.842564
1764069905777,-0.090980,0.019154,9.861717
1764069905785,-0.071826,0.038307,9.837775
1764069905793,-0.079009,0.021548,9.828198
1764069905801,-0.088585,0.040701,9.847352
1764069905809,-0.067038,0.028730,9.842564
1764069905817,-0.057461,0.050278,9.835381
1764069905825,-0.086191,0.038307,9.840169
1764069905833,-0.088585,0.038307,9.856929
1764069905841,-0.074220,0.040701,9.828198
1764069905849,-0.076614,0.052672,9.859323
1764069905857,-0.057461,0.026336,9.847352
1764069905865,-0.069432,0.019154,9.842564
1764069905873,-0.069432,0.033519,9.835381
1764069905881,-0.059855,0.026336,9.852140
1764069905889,-0.059855,0.021548,9.823410
1764069905897,-0.105345,0.026336,9.852140
1764069905905,-0.079009,0.028730,9.842564
1764069905913,-0.081403,0.050278,9.861717
1764069905921,-0.083797,0.040701,9.830592
1764069905929,-0.067038,0.031125,9.847352
1764069905937,-0.076614,0.047884,9.847352
1764069905945,-0.059855,0.038307,9.844957
1764069905953,-0.057461,0.014365,9.840169
1764069905961,-0.081403,0.050278,9.876082
1764069905969,-0.088585,0.009577,9.837775
1764069905977,-0.088585,0.033519,9.840169
1764069905985,-0.079009,0.011971,9.847352
1764069905993,-0.079009,0.014365,9.847352
1764069906001,-0.064643,0.011971,9.828198
1764069906009,-0.095768,0.040701,9.859323
1764069906017,-0.090980,0.016759,9.835381
1764069906025,-0.069432,0.040701,9.840169
1764069906033,-0.086191,0.045490,9.847352
1764069906041,-0.079009,0.026336,9.852140
1764069906049,-0.038307,0.038307,9.830592
1764069906057,-0.071826,0.035913,9.852140
1764069906065,-0.069432,0.031125,9.859323
1764069906073,-0.076614,0.011971,9.811439
1764069906081,-0.100556,0.043096,9.844957
1764069906089,-0.071826,0.016759,9.835381
1764069906097,-0.081403,0.033519,9.821015
1764069906105,-0.083797,0.038307,9.849746
1764069906113,-0.059855,0.055067,9.840169
1764069906121,-0.090980,0.045490,9.830592
1764069906129,-0.079009,0.038307,9.837775
1764069906137,-0.067038,0.033519,9.854534
1764069906145,-0.086191,0.045490,9.871294
1764069906153,-0.090980,0.023942,9.847352
1764069906161,-0.067038,0.028730,9.825804
1764069906169,-0.076614,0.050278,9.890448
1764069906177,-0.076614,0.031125,9.842564
1764069906185,-0.081403,0.021548,9.835381
1764069906193,-0.086191,0.031125,9.885659
1764069906201,-0.069432,0.023942,9.835381
1764069906209,-0.055067,0.019154,9.837775
1764069906217,-0.071826,0.047884,9.866506
1764069906225,-0.090980,0.035913,9.847352
1764069906233,-0.083797,0.031125,9.837775
1764069906241,-0.098162,0.047884,9.854534
1764069906249,-0.064643,0.007183,9.856929
1764069906257,-0.064643,0.045490,9.825804
1764069906265,-0.088585,0.031125,9.861717
1764069906273,-0.069432,0.038307,9.847352
1764069906281,-0.052672,0.019154,9.835381
1764069906289,-0.095768,0.031125,9.856929
1764069906297,-0.064643,0.028730,9.852140
1764069906305,-0.083797,0.043096,9.849746
1764069906313,-0.102951,0.045490,9.866506
1764069906321,-0.059855,0.047884,9.847352
1764069906329,-0.074220,0.038307,9.852140
1764069906337,-0.081403,0.035913,9.828198
1764069906345,-0.079009,0.019154,9.837775
1764069906353,-0.079009,0.047884,9.859323
1764069906361,-0.086191,0.019154,9.840169
1764069906369,-0.081403,0.014365,9.830592
1764069906377,-0.105345,0.028730,9.852140
1764069906385,-0.064643,0.009577,9.828198
1764069906393,-0.062249,0.035913,9.832987
1764069906401,-0.093374,0.031125,9.864111
1764069906409,-0.062249,0.040701,9.849746
1764069906417,-0.067038,0.038307,9.821015
1764069906425,-0.093374,0.045490,9.871294
1764069906433,-0.059855,0.026336,9.854534
1764069906441,-0.074220,0.038307,9.847352
1764069906449,-0.100556,0.026336,9.880871
1764069906457,-0.064643,0.019154,9.835381
1764069906465,-0.083797,0.026336,9.830592
1764069906473,-0.076614,0.019154,9.849746
1764069906481,-0.050278,0.023942,9.842564
1764069906489,-0.093374,0.023942,9.842564
1764069906497,-0.064643,0.050278,9.849746
1764069906505,-0.064643,0.052672,9.840169
1764069906513,-0.088585,0.040701,9.849746
1764069906521,-0.074220,0.050278,9.844957
1764069906529,-0.062249,0.040701,9.854534
1764069906537,-0.083797,0.031125,9.835381
1764069906545,-0.062249,0.026336,9.849746
1764069906553,-0.062249,0.038307,9.844957
1764069906561,-0.093374,0.028730,9.854534
1764069906569,-0.071826,0.033519,9.809045
1764069906577,-0.079009,0.023942,9.840169
1764069906585,-0.079009,0.007183,9.871294
1764069906593,-0.062249,0.031125,9.821015
1764069906601,-0.069432,0.031125,9.830592
1764069906609,-0.083797,0.040701,9.873688
1764069906617,-0.047884,0.043096,9.840169
1764069906625,-0.076614,0.045490,9.844957
1764069906633,-0.069432,0.043096,9.878476
1764069906641,-0.050278,0.028730,9.828198
1764069906649,-0.088585,0.026336,9.840169
1764069906657,-0.079009,0.011971,9.856929
1764069906665,-0.076614,0.014365,9.825804
1764069906673,-0.110133,0.028730,9.840169
1764069906681,-0.055067,0.016759,9.852140
1764069906689,-0.067038,0.033519,9.852140
1764069906697,-0.090980,0.031125,9.847352
1764069906705,-0.059855,0.055067,9.849746
1764069906713,-0.059855,0.040701,9.854534
1764069906721,-0.069432,0.033519,9.849746
1764069906729,-0.047884,0.026336,9.832987
1764069906737,-0.076614,0.043096,9.844957
1764069906745,-0.102951,0.014365,9.868899
1764069906753,-0.071826,0.026336,9.809045
1764069906761,-0.079009,0.045490,9.844957
1764069906769,-0.086191,0.016759,9.837775
1764069906777,-0.055067,0.007183,9.821015
1764069906785,-0.102951,0.031125,9.859323
1764069906793,-0.090980,0.033519,9.880871
1764069906801,-0.074220,0.033519,9.837775
1764069906809,-0.071826,0.052672,9.842564
1764069906817,-0.067038,0.047884,9.868899
1764069906825,-0.071826,0.023942,9.811439
1764069906833,-0.093374,0.038307,9.849746
1764069906841,-0.074220,0.021548,9.854534
1764069906849,-0.069432,0.038307,9.823410
1764069906857,-0.079009,0.023942,9.840169
1764069906865,-0.057461,0.035913,9.840169
1764069906873,-0.071826,0.045490,9.844957
1764069906881,-0.071826,0.038307,9.832987
1764069906889,-0.069432,0.043096,9.840169
1764069906897,-0.081403,0.059855,9.852140
1764069906905,-0.081403,0.043096,9.835381
1764069906913,-0.047884,0.033519,9.835381
1764069906921,-0.074220,0.040701,9.864111
1764069906929,-0.076614,0.021548,9.852140
1764069906937,-0.071826,0.021548,9.854534
1764069906945,-0.071826,0.028730,9.854534
1764069906953,-0.083797,0.023942,9.832987
1764069906961,-0.076614,0.043096,9.818622
1764069906969,-0.086191,0.028730,9.852140
1764069906977,-0.081403,0.026336,9.856929
1764069906985,-0.083797,0.035913,9.799467
1764069906993,-0.090980,0.047884,9.864111
1764069907001,-0.067038,0.045490,9.849746
1764069907009,-0.067038,0.023942,9.813833
1764069907017,-0.102951,0.045490,9.856929
1764069907025,-0.055067,0.031125,9.844957
1764069907033,-0.064643,0.011971,9.832987
1764069907041,-0.098162,0.021548,9.830592
1764069907049,-0.071826,0.026336,9.856929
1764069907057,-0.083797,0.021548,9.837775
1764069907065,-0.076614,0.031125,9.830592
1764069907073,-0.052672,0.031125,9.861717
1764069907081,-0.079009,0.040701,9.849746
1764069907089,-0.090980,0.033519,9.844957
1764069907097,-0.069432,0.047884,9.842564
1764069907105,-0.114922,0.023942,9.835381
1764069907113,-0.050278,0.045490,9.847352
1764069907121,-0.062249,0.014365,9.830592
1764069907129,-0.083797,0.050278,9.866506
1764069907137,-0.074220,0.023942,9.852140
1764069907145,-0.079009,0.033519,9.828198
1764069907153,-0.105345,0.014365,9.871294
1764069907161,-0.071826,0.033519,9.830592
1764069907169,-0.086191,0.026336,9.832987
1764069907177,-0.083797,0.021548,9.880871
1764069907185,-0.057461,0.055067,9.830592
1764069907193,-0.081403,0.026336,9.828198
1764069907201,-0.079009,0.035913,9.868899
1764069907209,-0.047884,0.035913,9.837775
1764069907217,-0.095768,0.031125,9.823410
1764069907225,-0.076614,0.026336,9.844957
1764069907233,-0.079009,0.040701,9.835381
1764069907241,-0.102951,0.021548,9.830592
1764069907249,-0.062249,0.016759,9.854534
1764069907257,-0.067038,0.026336,9.852140
1764069907265,-0.105345,0.035913,9.854534
1764069907273,-0.067038,0.014365,9.825804
1764069907281,-0.067038,0.023942,9.837775
1764069907289,-0.083797,0.040701,9.847352
1764069907297,-0.090980,0.040701,9.828198
1764069907305,-0.095768,0.038307,9.840169
1764069907313,-0.090980,0.038307,9.861717
1764069907321,-0.074220,0.014365,9.825804
1764069907329,-0.081403,0.028730,9.847352
1764069907337,-0.069432,0.033519,9.866506
1764069907345,-0.052672,0.011971,9.811439
1764069907353,-0.069432,0.040701,9.842564
1764069907361,-0.090980,0.031125,9.864111
1764069907369,-0.071826,0.019154,9.813833
1764069907377,-0.081403,0.033519,9.847352
1764069907385,-0.088585,0.028730,9.854534
1764069907393,-0.064643,0.045490,9.840169
1764069907401,-0.081403,0.019154,9.847352
1764069907409,-0.071826,0.035913,9.859323
1764069907417,-0.052672,0.035913,9.823410
1764069907425,-0.105345,0.014365,9.849746
1764069907433,-0.071826,0.026336,9.847352
1764069907441,-0.064643,0.031125,9.844957
1764069907449,-0.083797,0.014365,9.825804
1764069907457,-0.067038,0.031125,9.837775
1764069907465,-0.055067,0.043096,9.832987
1764069907473,-0.102951,0.038307,9.847352
1764069907481,-0.067038,0.043096,9.830592
1764069907489,-0.074220,0.040701,9.842564
1764069907497,-0.100556,0.050278,9.861717
1764069907505,-0.057461,0.028730,9.818622
1764069907513,-0.088585,0.035913,9.844957
1764069907521,-0.088585,0.047884,9.868899
1764069907529,-0.052672,0.033519,9.842564
1764069907537,-0.081403,0.043096,9.883265
1764069907545,-0.076614,0.031125,9.914390
1764069907553,-0.076614,0.057461,9.844957
1764069907561,-0.098162,0.033519,9.868899
1764069907569,-0.055067,0.026336,9.816227
1764069907577,-0.057461,0.050278,9.818622
1764069907585,-0.098162,0.052672,9.821015
1764069907593,-0.069432,0.028730,9.816227
1764069907601,-0.081403,0.021548,9.842564
1764069907609,-0.086191,0.028730,9.840169
1764069907617,-0.079009,0.026336,9.885659
1764069907625,-0.067038,0.016759,9.852140
1764069907633,-0.083797,0.033519,9.847352
1764069907641,-0.079009,0.038307,9.825804
1764069907649,-0.067038,0.033519,9.813833
1764069907657,-0.079009,0.021548,9.828198
1764069907665,-0.055067,0.040701,9.811439
1764069907673,-0.052672,0.023942,9.789890
1764069907681,-0.090980,0.045490,9.830592
1764069907689,-0.086191,0.033519,9.830592
1764069907697,-0.059855,0.038307,9.837775
1764069907705,-0.064643,0.021548,9.842564
1764069907713,-0.083797,0.047884,9.835381
1764069907721,-0.093374,0.026336,9.885659
1764069907729,-0.081403,0.007183,9.859323
1764069907737,-0.067038,0.016759,9.832987
1764069907745,-0.069432,0.021548,9.849746
1764069907753,-0.071826,0.026336,9.825804
1764069907761,-0.074220,0.028730,9.828198
1764069907769,-0.081403,0.047884,9.854534
1764069907777,-0.081403,0.045490,9.854534
1764069907785,-0.081403,0.021548,9.832987
1764069907793,-0.095768,0.057461,9.832987
1764069907801,-0.062249,0.031125,9.849746
1764069907809,-0.074220,0.031125,9.842564
1764069907817,-0.074220,0.023942,9.832987
1764069907825,-0.086191,0.023942,9.840169
1764069907833,-0.076614,0.038307,9.835381
1764069907841,-0.074220,0.035913,9.828198
1764069907849,-0.086191,0.031125,9.854534
1764069907857,-0.071826,0.031125,9.844957
1764069907865,-0.088585,0.052672,9.835381
1764069907873,-0.086191,0.040701,9.847352
1764069907881,-0.069432,0.021548,9.842564
1764069907889,-0.102951,0.038307,9.847352
1764069907897,-0.081403,0.016759,9.844957
1764069907905,-0.083797,0.035913,9.840169
1764069907913,-0.062249,0.050278,9.840169
1764069907921,-0.076614,0.033519,9.832987
1764069907929,-0.088585,0.035913,9.840169
1764069907937,-0.081403,0.031125,9.852140
1764069907945,-0.064643,0.033519,9.832987
1764069907953,-0.086191,0.040701,9.844957
1764069907961,-0.071826,0.028730,9.856929
1764069907969,-0.086191,0.019154,9.840169
1764069907977,-0.071826,0.028730,9.859323
1764069907985,-0.076614,0.031125,9.842564
1764069907993,-0.081403,0.028730,9.828198
1764069908001,-0.069432,0.026336,9.835381
1764069908009,-0.059855,0.031125,9.852140
1764069908017,-0.074220,0.040701,9.840169
1764069908025,-0.071826,0.033519,9.818622
1764069908033,-0.090980,0.033519,9.866506
1764069908041,-0.076614,0.033519,9.823410
1764069908049,-0.071826,0.023942,9.849746
1764069908057,-0.069432,0.023942,9.861717
1764069908065,-0.059855,0.035913,9.859323
1764069908073,-0.074220,0.052672,9.840169
1764069908081,-0.093374,0.035913,9.849746
1764069908089,-0.059855,0.009577,9.852140
1764069908097,-0.074220,0.035913,9.852140
1764069908105,-0.093374,0.019154,9.837775
1764069908113,-0.047884,0.026336,9.842564
1764069908121,-0.090980,0.026336,9.806650
1764069908129,-0.088585,0.023942,9.861717
1764069908137,-0.059855,0.033519,9.828198
1764069908145,-0.088585,0.040701,9.818622
1764069908153,-0.081403,0.045490,9.844957
1764069908161,-0.074220,0.038307,9.828198
1764069908169,-0.100556,0.055067,9.854534
1764069908177,-0.064643,0.033519,9.828198
1764069908185,-0.064643,0.038307,9.864111
1764069908193,-0.098162,0.028730,9.859323
1764069908201,-0.081403,0.038307,9.825804
1764069908209,-0.069432,0.014365,9.842564
1764069908217,-0.071826,0.033519,9.844957
1764069908225,-0.057461,0.016759,9.852140
1764069908233,-0.059855,0.043096,9.842564
1764069908241,-0.076614,0.031125,9.854534
1764069908249,-0.067038,0.043096,9.840169
1764069908257,-0.088585,0.045490,9.823410
1764069908265,-0.090980,0.035913,9.876082
1764069908273,-0.052672,0.016759,9.842564
1764069908281,-0.071826,0.023942,9.825804
1764069908289,-0.105345,0.031125,9.859323
1764069908297,-0.059855,0.031125,9.828198
1764069908305,-0.093374,0.016759,9.847352
1764069908313,-0.095768,0.035913,9.852140
1764069908321,-0.067038,0.055067,9.837775
1764069908329,-0.083797,0.047884,9.849746
1764069908337,-0.050278,0.035913,9.837775
1764069908345,-0.047884,0.028730,9.832987
1764069908353,-0.090980,0.040701,9.864111
1764069908361,-0.067038,0.040701,9.835381
1764069908369,-0.052672,0.009577,9.847352
1764069908377,-0.086191,0.026336,9.856929
1764069908384,-0.047884,0.033519,9.842564
1764069908393,-0.071826,0.033519,9.837775
1764069908401,-0.100556,0.023942,9.847352
1764069908409,-0.069432,0.035913,9.825804
1764069908417,-0.062249,0.031125,9.818622
1764069908425,-0.090980,0.031125,9.873688
1764069908433,-0.052672,0.047884,9.823410
1764069908441,-0.088585,0.035913,9.832987
1764069908449,-0.086191,0.035913,9.868899
1764069908457,-0.062249,0.047884,9.806650
1764069908465,-0.074220,0.014365,9.847352
1764069908473,-0.105345,0.031125,9.854534
1764069908481,-0.052672,0.035913,9.835381
1764069908489,-0.119710,0.016759,9.866506
1764069908497,-0.090980,0.026336,9.852140
1764069908505,-0.062249,0.028730,9.842564
1764069908513,-0.119710,0.019154,9.849746
1764069908521,-0.064643,0.040701,9.842564
1764069908529,-0.043096,0.033519,9.844957
1764069908537,-0.093374,0.031125,9.847352
1764069908545,-0.069432,0.043096,9.828198
1764069908553,-0.067038,0.023942,9.832987
1764069908561,-0.083797,0.035913,9.859323
1764069908569,-0.045490,0.059855,9.832987
1764069908577,-0.059855,0.028730,9.825804
1764069908585,-0.090980,0.019154,9.861717
1764069908593,-0.040701,0.014365,9.830592
1764069908601,-0.088585,0.026336,9.840169
1764069908609,-0.081403,0.028730,9.876082
1764069908617,-0.045490,0.026336,9.813833
1764069908625,-0.074220,0.026336,9.844957
1764069908633,-0.079009,0.031125,9.873688
1764069908641,-0.043096,0.026336,9.811439
1764069908649,-0.093374,0.050278,9.861717
1764069908657,-0.076614,0.038307,9.871294
1764069908665,-0.040701,0.045490,9.816227
1764069908673,-0.100556,0.040701,9.861717
1764069908681,-0.079009,0.035913,9.842564
1764069908689,-0.067038,0.021548,9.818622
1764069908697,-0.095768,0.028730,9.866506
1764069908705,-0.045490,0.007183,9.828198
1764069908713,-0.062249,0.031125,9.821015
1764069908721,-0.105345,0.033519,9.859323
1764069908729,-0.043096,0.057461,9.830592
1764069908737,-0.081403,0.033519,9.847352
1764069908745,-0.086191,0.026336,9.854534
1764069908753,-0.062249,0.040701,9.821015
1764069908761,-0.064643,0.031125,9.842564
1764069908769,-0.088585,0.045490,9.842564
1764069908777,-0.055067,0.023942,9.818622
1764069908785,-0.083797,0.023942,9.823410
1764069908793,-0.086191,0.050278,9.832987
1764069908801,-0.057461,0.019154,9.804255
1764069908809,-0.074220,0.040701,9.842564
1764069908817,-0.095768,0.050278,9.868899
1764069908825,-0.057461,0.035913,9.823410
1764069908833,-0.088585,0.035913,9.856929
1764069908841,-0.090980,0.043096,9.856929
1764069908849,-0.074220,0.026336,9.830592
1764069908857,-0.098162,0.026336,9.871294
1764069908865,-0.076614,0.038307,9.813833
1764069908873,-0.081403,0.028730,9.840169
1764069908881,-0.088585,0.023942,9.852140
1764069908889,-0.071826,0.026336,9.849746
1764069908897,-0.059855,0.021548,9.840169
1764069908905,-0.100556,0.055067,9.871294
1764069908913,-0.064643,0.021548,9.816227
1764069908921,-0.071826,0.038307,9.854534
1764069908929,-0.107739,0.031125,9.854534
1764069908937,-0.043096,0.038307,9.837775
1764069908945,-0.069432,0.040701,9.830592
1764069908953,-0.086191,0.035913,9.847352
1764069908961,-0.047884,0.023942,9.830592
1764069908969,-0.055067,0.050278,9.847352
1764069908977,-0.090980,0.021548,9.825804
1764069908985,-0.059855,0.019154,9.823410
1764069908993,-0.098162,0.033519,9.847352
1764069909001,-0.076614,0.035913,9.861717
1764069909009,-0.069432,0.047884,9.837775
1764069909017,-0.076614,0.038307,9.849746
1764069909025,-0.057461,0.033519,9.837775
1764069909033,-0.074220,0.040701,9.830592
1764069909041,-0.102951,0.019154,9.847352
1764069909049,-0.064643,0.035913,9.837775
1764069909057,-0.062249,0.028730,9.832987
1764069909065,-0.093374,0.026336,9.842564
1764069909073,-0.086191,0.011971,9.849746
1764069909081,-0.069432,0.038307,9.835381
1764069909089,-0.071826,0.038307,9.854534
1764069909097,-0.059855,0.028730,9.844957
1764069909105,-0.083797,0.031125,9.832987
1764069909113,-0.110133,0.016759,9.847352
1764069909121,-0.062249,0.035913,9.840169
1764069909129,-0.074220,0.059855,9.847352
1764069909137,-0.069432,0.033519,9.868899
1764069909145,-0.081403,0.026336,9.849746
1764069909153,-0.059855,0.038307,9.840169
1764069909161,-0.083797,0.026336,9.861717
1764069909169,-0.062249,0.033519,9.811439
1764069909177,-0.081403,0.043096,9.847352
1764069909185,-0.083797,0.033519,9.847352
1764069909193,-0.057461,0.035913,9.840169
1764069909201,-0.086191,0.016759,9.844957
1764069909209,-0.086191,0.038307,9.847352
1764069909217,-0.069432,0.045490,9.823410
1764069909225,-0.081403,0.038307,9.854534
1764069909233,-0.069432,0.043096,9.847352
1764069909241,-0.055067,0.028730,9.828198
1764069909249,-0.074220,0.045490,9.847352
1764069909257,-0.074220,0.043096,9.835381
1764069909265,-0.059855,0.038307,9.830592
1764069909273,-0.083797,0.028730,9.854534
1764069909281,-0.088585,0.026336,9.835381
1764069909289,-0.074220,0.023942,9.852140
1764069909297,-0.090980,0.045490,9.859323
1764069909305,-0.064643,0.019154,9.852140
1764069909313,-0.057461,0.057461,9.854534
1764069909321,-0.079009,0.059855,9.840169
1764069909329,-0.095768,0.038307,9.854534
1764069909337,-0.079009,0.033519,9.866506
1764069909345,-0.081403,0.021548,9.842564
1764069909353,-0.074220,0.040701,9.840169
1764069909361,-0.079009,0.031125,9.856929
1764069909369,-0.079009,0.035913,9.861717
1764069909377,-0.086191,0.047884,9.849746
1764069909385,-0.067038,0.021548,9.840169
1764069909393,-0.064643,0.031125,9.864111
1764069909401,-0.074220,0.057461,9.825804
1764069909409,-0.083797,0.043096,9.866506
1764069909417,-0.067038,0.045490,9.849746
1764069909425,-0.086191,0.019154,9.840169
1764069909433,-0.074220,0.031125,9.844957
1764069909441,-0.067038,0.021548,9.854534
1764069909449,-0.076614,0.045490,9.840169
1764069909457,-0.076614,0.035913,9.823410
1764069909465,-0.090980,0.011971,9.849746
1764069909473,-0.069432,0.028730,9.854534
1764069909481,-0.047884,0.031125,9.837775
1764069909489,-0.071826,0.026336,9.842564
1764069909497,-0.047884,0.011971,9.823410
1764069909505,-0.083797,0.033519,9.828198
1764069909513,-0.071826,0.043096,9.852140
1764069909521,-0.067038,0.057461,9.844957
1764069909529,-0.071826,0.031125,9.835381
1764069909537,-0.062249,0.040701,9.840169
1764069909545,-0.074220,0.033519,9.837775
1764069909553,-0.052672,0.033519,9.832987
1764069909561,-0.081403,0.026336,9.844957
1764069909569,-0.076614,0.028730,9.821015
1764069909577,-0.076614,0.035913,9.842564
1764069909585,-0.064643,0.009577,9.840169
1764069909593,-0.079009,0.026336,9.837775
1764069909601,-0.079009,0.045490,9.892841
1764069909609,-0.062249,0.023942,9.825804
1764069909617,-0.079009,0.021548,9.837775
1764069909625,-0.074220,0.043096,9.878476
1764069909633,-0.086191,0.038307,9.823410
1764069909641,-0.062249,0.033519,9.854534
1764069909649,-0.076614,0.047884,9.864111
1764069909657,-0.071826,0.028730,9.813833
1764069909665,-0.062249,0.028730,9.854534
1764069909673,-0.098162,0.038307,9.825804
1764069909681,-0.079009,0.031125,9.840169
1764069909689,-0.071826,0.033519,9.844957
1764069909697,-0.086191,0.021548,9.840169
1764069909705,-0.055067,0.028730,9.852140
1764069909713,-0.083797,0.031125,9.821015
1764069909721,-0.076614,0.045490,9.868899
1764069909729,-0.064643,0.011971,9.866506
1764069909737,-0.079009,0.038307,9.813833
1764069909745,-0.074220,0.045490,9.866506
1764069909753,-0.076614,0.031125,9.840169
1764069909761,-0.095768,0.028730,9.842564
1764069909769,-0.083797,0.016759,9.852140
1764069909777,-0.055067,0.021548,9.823410
1764069909785,-0.100556,0.028730,9.852140
1764069909793,-0.076614,0.028730,9.828198
1764069909801,-0.050278,0.052672,9.847352
1764069909809,-0.090980,0.023942,9.854534
1764069909817,-0.071826,0.023942,9.818622
1764069909825,-0.088585,0.059855,9.840169
1764069909833,-0.055067,-0.014365,10.117896
1764069909841,-0.146046,0.047884,9.665392
1764069909849,-0.119710,0.064643,9.684546
1764069909857,-0.083797,0.033519,9.878476
1764069909865,-0.045490,0.023942,9.883265
1764069909873,-0.086191,0.026336,9.876082
